,회사명,하위업종,상위업종
0,하나32호스팩,금융 지원 서비스업,서비스업
1,엔젤로보틱스,특수 목적용 기계 제조업,제조업
2,제이투케이바이오,기타 화학제품 제조업,제조업
3,삼현,자동차 신품 부품 제조업,제조업
4,오상헬스케어,의료용품 및 기타 의약 관련제품 제조업,식품 및 음료제조업
5,케이엔알시스템,"측정, 시험, 항해, 제어 및 기타 정밀기기 제조업; 광학기기 제외",제조업
6,비엔케이제2호스팩,금융 지원 서비스업,서비스업
7,하나31호스팩,금융 지원 서비스업,서비스업
8,SK증권제11호스팩,금융 지원 서비스업,서비스업
9,유안타제15호스팩,금융 지원 서비스업,서비스업
10,유진스팩10호,금융 지원 서비스업,서비스업
11,이에이트,소프트웨어 개발 및 공급업,정보기술 및 통신업
12,코셈,"측정, 시험, 항해, 제어 및 기타 정밀기기 제조업; 광학기기 제외",제조업
13,케이웨더,일반 목적용 기계 제조업,제조업
14,사피엔반도체,반도체 제조업,제조업
15,에스피소프트,"컴퓨터 프로그래밍, 시스템 통합 및 관리업",정보기술 및 통신업
16,스튜디오삼익,기타 생활용품 소매업,도매 및 소매업
17,신영스팩10호,금융 지원 서비스업,서비스업
18,폰드그룹,봉제의복 제조업,제조업
19,IBKS제24호스팩,금융 지원 서비스업,서비스업
20,레이저옵텍,의료용 기기 제조업,제조업
21,이닉스,자동차 신품 부품 제조업,제조업
22,포스뱅크,일반 목적용 기계 제조업,제조업
23,현대힘스,선박 및 보트 건조업,제조업
24,HB인베스트먼트,기타 금융업,서비스업
25,드림인사이트,광고업,서비스업
26,대신밸런스제17호스팩,금융 지원 서비스업,서비스업
27,우진엔텍,"그외 기타 전문, 과학 및 기술 서비스업",서비스업
28,한빛레이저,특수 목적용 기계 제조업,제조업
29,IBKS제23호스팩,금융 지원 서비스업,서비스업
30,하나30호스팩,금융 지원 서비스업,서비스업
31,씨싸이트,봉제의복 제조업,제조업
32,블루엠텍,기타 전문 도매업,서비스업
33,LS머트리얼즈,전자부품 제조업,제조업
34,케이엔에스,특수 목적용 기계 제조업,제조업
35,교보15호스팩,금융 지원 서비스업,서비스업
36,와이바이오로직스,자연과학 및 공학 연구개발업,제조업
37,삼성스팩9호,금융 지원 서비스업,서비스업
38,에이텀,전자부품 제조업,제조업
39,엔에이치스팩30호,금융 지원 서비스업,서비스업
40,에이에스텍,기타 화학제품 제조업,제조업
41,그린리소스,반도체 제조업,제조업
42,제이엔비,특수 목적용 기계 제조업,제조업
43,한선엔지니어링,기타 금속 가공제품 제조업,제조업
44,에코아이,기타 전문 서비스업,서비스업
45,스톰테크,플라스틱제품 제조업,제조업
46,캡스톤파트너스,기타 금융업,서비스업
47,에스와이스틸텍,"구조용 금속제품, 탱크 및 증기발생기 제조업",제조업
48,에이직랜드,반도체 제조업,제조업
49,한국제13호스팩,금융 지원 서비스업,서비스업
50,메가터치,일차전지 및 축전지 제조업,제조업
51,비아이매트릭스,소프트웨어 개발 및 공급업,정보기술 및 통신업
52,컨텍,"컴퓨터 프로그래밍, 시스템 통합 및 관리업",정보기술 및 통신업
53,큐로셀,자연과학 및 공학 연구개발업,제조업
54,쏘닉스,반도체 제조업,제조업
55,KB제27호스팩,금융 지원 서비스업,서비스업
56,세니젠,그외 기타 제품 제조업,제조업
57,신시웨이,소프트웨어 개발 및 공급업,정보기술 및 통신업
58,유진테크놀로지,기타 금속 가공제품 제조업,제조업
59,유투바이오,기타 과학기술 서비스업,서비스업
60,퀄리타스반도체,반도체 제조업,제조업
61,워트,특수 목적용 기계 제조업,제조업
62,에스엘에스바이오,"그외 기타 전문, 과학 및 기술 서비스업",서비스업
63,신성에스티,자동차 신품 부품 제조업,제조업
64,퓨릿,기초 화학물질 제조업,제조업
65,에이치엠씨제6호스팩,금융 지원 서비스업,서비스업
66,아이엠티,특수 목적용 기계 제조업,제조업
67,레뷰코퍼레이션,광고업,서비스업
68,신한제11호스팩,금융 지원 서비스업,서비스업
69,한싹,소프트웨어 개발 및 공급업,정보기술 및 통신업
70,밀리의서재,"서적, 잡지 및 기타 인쇄물 출판업",서비스업
71,인스웨이브시스템즈,소프트웨어 개발 및 공급업,정보기술 및 통신업
72,우듬지팜,"과실, 채소 가공 및 저장 처리업",식품 및 음료제조업
73,코어라인소프트,소프트웨어 개발 및 공급업,정보기술 및 통신업
74,상상인제4호스팩,금융 지원 서비스업,서비스업
75,율촌,1차 철강 제조업,제조업
76,한화플러스제4호스팩,금융 지원 서비스업,서비스업
77,대신밸런스제16호스팩,금융 지원 서비스업,서비스업
78,유안타제11호스팩,금융 지원 서비스업,서비스업
79,크라우드웍스,소프트웨어 개발 및 공급업,정보기술 및 통신업
80,대신밸런스제15호스팩,금융 지원 서비스업,서비스업
81,한국제12호스팩,금융 지원 서비스업,서비스업
82,시큐레터,소프트웨어 개발 및 공급업,정보기술 및 통신업
83,스마트레이더시스템,"측정, 시험, 항해, 제어 및 기타 정밀기기 제조업; 광학기기 제외",제조업
84,빅텐츠,"영화, 비디오물, 방송프로그램 제작 및 배급업",서비스업
85,SK증권제10호스팩,금융 지원 서비스업,서비스업
86,KB제26호스팩,금융 지원 서비스업,서비스업
87,코츠테크놀로지,컴퓨터 및 주변장치 제조업,제조업
88,큐리옥스바이오시스템즈,의료용 기기 제조업,제조업
89,하나28호스팩,금융 지원 서비스업,서비스업
90,파두,반도체 제조업,제조업
91,엠아이큐브솔루션,소프트웨어 개발 및 공급업,정보기술 및 통신업
92,시지트로닉스,반도체 제조업,제조업
93,에이엘티,반도체 제조업,제조업
94,유안타제14호스팩,금융 지원 서비스업,서비스업
95,파로스아이바이오,자연과학 및 공학 연구개발업,제조업
96,버넥트,소프트웨어 개발 및 공급업,정보기술 및 통신업
97,뷰티스킨,기타 화학제품 제조업,제조업
98,SK증권제9호스팩,금융 지원 서비스업,서비스업
99,와이랩,"영화, 비디오물, 방송프로그램 제작 및 배급업",서비스업
100,센서뷰,절연선 및 케이블 제조업,제조업
101,필에너지,특수 목적용 기계 제조업,제조업
102,DB금융스팩11호,기타 금융업,서비스업
103,교보14호스팩,금융 지원 서비스업,서비스업
104,이노시뮬레이션,소프트웨어 개발 및 공급업,정보기술 및 통신업
105,알멕,1차 비철금속 제조업,제조업
106,오픈놀,소프트웨어 개발 및 공급업,정보기술 및 통신업
107,시큐센,소프트웨어 개발 및 공급업,정보기술 및 통신업
108,하나29호스팩,금융 지원 서비스업,서비스업
109,KB제25호스팩,금융 지원 서비스업,서비스업
110,엔에이치스팩29호,금융 지원 서비스업,서비스업
111,하이제8호스팩,금융 지원 서비스업,서비스업
112,프로티아,의료용 기기 제조업,제조업
113,큐라티스,자연과학 및 공학 연구개발업,제조업
114,마녀공장,기타 화학제품 제조업,제조업
115,나라셀라,음·식료품 및 담배 도매업,도매 및 소매업
116,진영,플라스틱제품 제조업,제조업
117,기가비스,특수 목적용 기계 제조업,제조업
118,팸텍,특수 목적용 기계 제조업,제조업
119,모니터랩,소프트웨어 개발 및 공급업,정보기술 및 통신업
120,씨유박스,소프트웨어 개발 및 공급업,정보기술 및 통신업
121,키움제8호스팩,금융 지원 서비스업,서비스업
122,트루엔,영상 및 음향기기 제조업,제조업
123,에스바이오메딕스,의약품 제조업,식품 및 음료제조업
124,슈어소프트테크,소프트웨어 개발 및 공급업,정보기술 및 통신업
125,토마토시스템,소프트웨어 개발 및 공급업,정보기술 및 통신업
126,마이크로투나노,반도체 제조업,제조업
127,셀바이오휴먼텍,기타 섬유제품 제조업,제조업
128,미래에셋비전스팩3호,금융 지원 서비스업,서비스업
129,IBKS제22호스팩,금융 지원 서비스업,서비스업
130,하나27호스팩,금융 지원 서비스업,서비스업
131,지아이이노베이션,자연과학 및 공학 연구개발업,제조업
132,LB인베스트먼트,기타 금융업,서비스업
133,유안타제12호스팩,금융 지원 서비스업,서비스업
134,엑스게이트,소프트웨어 개발 및 공급업,정보기술 및 통신업
135,미래에셋드림스팩1호,금융 지원 서비스업,서비스업
136,금양그린파워,전기 및 통신 공사업,건설 및 공사업
137,라온텍,전자부품 제조업,제조업
138,자람테크놀로지,반도체 제조업,제조업
139,하나26호스팩,금융 지원 서비스업,서비스업
140,나노팀,일반 목적용 기계 제조업,제조업
141,바이오인프라,자연과학 및 공학 연구개발업,제조업
142,삼성스팩8호,금융 지원 서비스업,서비스업
143,유안타제13호스팩,금융 지원 서비스업,서비스업
144,미래에셋비전스팩2호,금융 지원 서비스업,서비스업
145,이노진,기타 화학제품 제조업,제조업
146,화인써키트,전자부품 제조업,제조업
147,제이오,"건축기술, 엔지니어링 및 관련 기술 서비스업",건설 및 공사업
148,샌즈랩,소프트웨어 개발 및 공급업,정보기술 및 통신업
149,꿈비,가구 제조업,제조업
150,스튜디오미르,"영화, 비디오물, 방송프로그램 제작 및 배급업",서비스업
151,삼기이브이,자동차 신품 부품 제조업,제조업
152,오브젠,소프트웨어 개발 및 공급업,정보기술 및 통신업
153,미래반도체,기타 전문 도매업,서비스업
154,티이엠씨,기초 화학물질 제조업,제조업
155,한주라이트메탈,1차 비철금속 제조업,제조업
156,옵티코어,마그네틱 및 광학 매체 제조업,제조업
157,신영스팩9호,금융 지원 서비스업,서비스업
158,신스틸,1차 철강 제조업,제조업
159,비엔케이제1호스팩,금융 지원 서비스업,서비스업
160,IBKS제21호스팩,금융 지원 서비스업,서비스업
161,엔에이치스팩27호,금융 지원 서비스업,서비스업
162,핑거스토리,기타 정보 서비스업,서비스업
163,SAMG엔터,"영화, 비디오물, 방송프로그램 제작 및 배급업",서비스업
164,대신밸런스제14호스팩,금융 지원 서비스업,서비스업
165,엔에이치스팩26호,금융 지원 서비스업,서비스업
166,유진스팩9호,금융 지원 서비스업,서비스업
167,대신밸런스제13호스팩,금융 지원 서비스업,서비스업
168,펨트론,특수 목적용 기계 제조업,제조업
169,인벤티지랩,의약품 제조업,식품 및 음료제조업
170,엔젯,특수 목적용 기계 제조업,제조업
171,유비온,소프트웨어 개발 및 공급업,정보기술 및 통신업
172,티쓰리,소프트웨어 개발 및 공급업,정보기술 및 통신업
173,티에프이,전자부품 제조업,제조업
174,윤성에프앤씨,특수 목적용 기계 제조업,제조업
175,디티앤씨알오,자연과학 및 공학 연구개발업,제조업
176,뉴로메카,특수 목적용 기계 제조업,제조업
177,제이아이테크,기타 화학제품 제조업,제조업
178,엔에이치스팩25호,금융 지원 서비스업,서비스업
179,교보13호스팩,금융 지원 서비스업,서비스업
180,큐알티,"그외 기타 전문, 과학 및 기술 서비스업",서비스업
181,IBKS제20호스팩,금융 지원 서비스업,서비스업
182,저스템,특수 목적용 기계 제조업,제조업
183,산돌,소프트웨어 개발 및 공급업,정보기술 및 통신업
184,삼성스팩7호,금융 지원 서비스업,서비스업
185,플라즈맵,의료용 기기 제조업,제조업
186,엔에이치스팩24호,금융 지원 서비스업,서비스업
187,핀텔,소프트웨어 개발 및 공급업,정보기술 및 통신업
188,하나금융25호스팩,금융 지원 서비스업,서비스업
189,한국제11호스팩,금융 지원 서비스업,서비스업
190,샤페론,기초 의약물질 및 생물학적 제제 제조업,제조업
191,비스토스,의료용 기기 제조업,제조업
192,탑머티리얼,일차전지 및 축전지 제조업,제조업
193,에스비비테크,일반 목적용 기계 제조업,제조업
194,오에스피,동물용 사료 및 조제식품 제조업,제조업
195,모델솔루션,특수 목적용 기계 제조업,제조업
196,이노룰스,소프트웨어 개발 및 공급업,정보기술 및 통신업
197,파인엠텍,전자부품 제조업,제조업
198,SK증권제8호스팩,금융 지원 서비스업,서비스업
199,유안타제10호스팩,금융 지원 서비스업,서비스업
200,선바이오,의약품 제조업,식품 및 음료제조업
201,더블유씨피,일차전지 및 축전지 제조업,제조업
202,알피바이오,의약품 제조업,식품 및 음료제조업
203,하나금융24호스팩,금융 지원 서비스업,서비스업
204,한화플러스제3호스팩,금융 지원 서비스업,서비스업
205,오픈엣지테크놀로지,소프트웨어 개발 및 공급업,정보기술 및 통신업
206,케이비제22호스팩,금융 지원 서비스업,서비스업
207,키움제7호스팩,금융 지원 서비스업,서비스업
208,신영스팩8호,금융 지원 서비스업,서비스업
209,대성하이텍,특수 목적용 기계 제조업,제조업
210,에이치와이티씨,기타 금속 가공제품 제조업,제조업
211,새빗켐,기타 화학제품 제조업,제조업
212,유안타제9호스팩,금융 지원 서비스업,서비스업
213,신한제10호스팩,금융 지원 서비스업,서비스업
214,아이씨에이치,그외 기타 제품 제조업,제조업
215,성일하이텍,기초 화학물질 제조업,제조업
216,에이프릴바이오,자연과학 및 공학 연구개발업,제조업
217,벨로크,"컴퓨터 프로그래밍, 시스템 통합 및 관리업",정보기술 및 통신업
218,루닛,소프트웨어 개발 및 공급업,정보기술 및 통신업
219,HPSP,특수 목적용 기계 제조업,제조업
220,와이씨켐,기타 화학제품 제조업,제조업
221,코난테크놀로지,소프트웨어 개발 및 공급업,정보기술 및 통신업
222,넥스트칩,반도체 제조업,제조업
223,삼성스팩6호,금융 지원 서비스업,서비스업
224,엔에이치스팩23호,금융 지원 서비스업,서비스업
225,교보12호스팩,금융 지원 서비스업,서비스업
226,레이저쎌,특수 목적용 기계 제조업,제조업
227,보로노이,기초 의약물질 및 생물학적 제제 제조업,제조업
228,위니아에이드,상품 종합 도매업,도매 및 소매업
229,케이비제21호스팩,금융 지원 서비스업,서비스업
230,비플라이소프트,소프트웨어 개발 및 공급업,정보기술 및 통신업
231,범한퓨얼셀,"전동기, 발전기 및 전기 변환 · 공급 · 제어 장치 제조업",정보기술 및 통신업
232,청담글로벌,생활용품 도매업,도매 및 소매업
233,하나금융22호스팩,금융 지원 서비스업,서비스업
234,가온칩스,반도체 제조업,제조업
235,대명에너지,건물 건설업,건설 및 공사업
236,상상인제3호스팩,금융 지원 서비스업,서비스업
237,신영스팩7호,금융 지원 서비스업,서비스업
238,포바이포,"영화, 비디오물, 방송프로그램 제작 및 배급업",서비스업
239,신한제9호스팩,금융 지원 서비스업,서비스업
240,미래에셋비전스팩1호,금융 지원 서비스업,서비스업
241,키움제6호스팩,금융 지원 서비스업,서비스업
242,지투파워,"전동기, 발전기 및 전기 변환 · 공급 · 제어 장치 제조업",정보기술 및 통신업
243,유진스팩8호,금융 지원 서비스업,서비스업
244,세아메카닉스,기타 금속 가공제품 제조업,제조업
245,공구우먼,의복 액세서리 제조업,제조업
246,유일로보틱스,특수 목적용 기계 제조업,제조업
247,모아데이타,소프트웨어 개발 및 공급업,정보기술 및 통신업
248,메쎄이상,기타 사업지원 서비스업,서비스업
249,노을,의료용 기기 제조업,제조업
250,비씨엔씨,반도체 제조업,제조업
251,풍원정밀,전자부품 제조업,제조업
252,스톤브릿지벤처스,기타 금융업,서비스업
253,하나금융21호스팩,금융 지원 서비스업,서비스업
254,브이씨,운동 및 경기용구 제조업,제조업
255,퓨런티어,"측정, 시험, 항해, 제어 및 기타 정밀기기 제조업; 광학기기 제외",제조업
256,바이오에프디엔씨,기초 의약물질 및 생물학적 제제 제조업,제조업
257,인카금융서비스,보험 및 연금관련 서비스업,서비스업
258,나래나노텍,특수 목적용 기계 제조업,제조업
259,아셈스,플라스틱제품 제조업,제조업
260,스코넥,소프트웨어 개발 및 공급업,정보기술 및 통신업
261,이지트로닉스,"전동기, 발전기 및 전기 변환 · 공급 · 제어 장치 제조업",정보기술 및 통신업
262,애드바이오텍,의약품 제조업,식품 및 음료제조업
263,케이옥션,상품 중개업,서비스업
264,오토앤,자동차 부품 및 내장품 판매업,도매 및 소매업
265,래몽래인,"영화, 비디오물, 방송프로그램 제작 및 배급업",서비스업
266,하이제7호스팩,금융 지원 서비스업,서비스업
267,툴젠,자연과학 및 공학 연구개발업,제조업
268,마음AI,소프트웨어 개발 및 공급업,정보기술 및 통신업
269,알비더블유,오디오물 출판 및 원판 녹음업,도매 및 소매업
270,NPX,특수 목적용 기계 제조업,제조업
271,트윔,소프트웨어 개발 및 공급업,정보기술 및 통신업
272,아이티아이즈,소프트웨어 개발 및 공급업,정보기술 및 통신업
273,지오엘리먼트,전자부품 제조업,제조업
274,디어유,소프트웨어 개발 및 공급업,정보기술 및 통신업
275,비트나인,소프트웨어 개발 및 공급업,정보기술 및 통신업
276,지니너스,자연과학 및 공학 연구개발업,제조업
277,피코그램,그외 기타 제품 제조업,제조업
278,엔켐,기초 화학물질 제조업,제조업
279,리파인,기타 정보 서비스업,서비스업
280,지앤비에스 에코,특수 목적용 기계 제조업,제조업
281,아이패밀리에스씨,기타 화학제품 제조업,제조업
282,차백신연구소,자연과학 및 공학 연구개발업,제조업
283,지아이텍,특수 목적용 기계 제조업,제조업
284,코닉오토메이션,소프트웨어 개발 및 공급업,정보기술 및 통신업
285,씨유테크,전자부품 제조업,제조업
286,아스플로,일반 목적용 기계 제조업,제조업
287,원준,특수 목적용 기계 제조업,제조업
288,엔에이치스팩20호,금융 지원 서비스업,서비스업
289,실리콘투,상품 종합 도매업,도매 및 소매업
290,에스앤디,기타 식품 제조업,식품 및 음료제조업
291,프롬바이오,기타 식품 제조업,식품 및 음료제조업
292,바이오플러스,기초 의약물질 및 생물학적 제제 제조업,제조업
293,신한제8호스팩,금융 지원 서비스업,서비스업
294,유진스팩7호,금융 지원 서비스업,서비스업
295,와이엠텍,"전동기, 발전기 및 전기 변환 · 공급 · 제어 장치 제조업",정보기술 및 통신업
296,에이비온,자연과학 및 공학 연구개발업,제조업
297,라이콤,통신 및 방송 장비 제조업,정보기술 및 통신업
298,바이젠셀,자연과학 및 공학 연구개발업,제조업
299,브레인즈컴퍼니,소프트웨어 개발 및 공급업,정보기술 및 통신업
300,딥노이드,소프트웨어 개발 및 공급업,정보기술 및 통신업
301,엠로,소프트웨어 개발 및 공급업,정보기술 및 통신업
302,플래티어,소프트웨어 개발 및 공급업,정보기술 및 통신업
303,원티드랩,소프트웨어 개발 및 공급업,정보기술 및 통신업
304,HK이노엔,의약품 제조업,식품 및 음료제조업
305,한화플러스제2호스팩,금융 지원 서비스업,서비스업
306,에브리봇,가정용 기기 제조업,제조업
307,맥스트,소프트웨어 개발 및 공급업,정보기술 및 통신업
308,큐라클,자연과학 및 공학 연구개발업,제조업
309,오비고,"컴퓨터 프로그래밍, 시스템 통합 및 관리업",정보기술 및 통신업
310,아모센스,전자부품 제조업,제조업
311,이노뎁,소프트웨어 개발 및 공급업,정보기술 및 통신업
312,라온테크,특수 목적용 기계 제조업,제조업
313,LB루셈,반도체 제조업,제조업
314,에이디엠코리아,자연과학 및 공학 연구개발업,제조업
315,에코프로에이치엔,기타 화학제품 제조업,제조업
316,제주맥주,알코올음료 제조업,식품 및 음료제조업
317,진시스템,의료용 기기 제조업,제조업
318,삼영에스앤씨,전자부품 제조업,제조업
319,샘씨엔에스,전자부품 제조업,제조업
320,씨앤씨인터내셔널,기타 화학제품 제조업,제조업
321,에이치피오,기타 식품 제조업,식품 및 음료제조업
322,쿠콘,소프트웨어 개발 및 공급업,정보기술 및 통신업
323,이삭엔지니어링,"컴퓨터 프로그래밍, 시스템 통합 및 관리업",정보기술 및 통신업
324,해성티피씨,기타 금속 가공제품 제조업,제조업
325,엔시스,기타 전기장비 제조업,정보기술 및 통신업
326,자이언트스텝,"영화, 비디오물, 방송프로그램 제작 및 배급업",서비스업
327,제노코,통신 및 방송 장비 제조업,정보기술 및 통신업
328,라이프시맨틱스,소프트웨어 개발 및 공급업,정보기술 및 통신업
329,바이오다인,의료용 기기 제조업,제조업
330,네오이뮨텍,자연과학 및 공학 연구개발업,제조업
331,싸이버원,소프트웨어 개발 및 공급업,정보기술 및 통신업
332,프레스티지바이오로직스,의약품 제조업,식품 및 음료제조업
333,나노씨엠에스,전자부품 제조업,제조업
334,뷰노,소프트웨어 개발 및 공급업,정보기술 및 통신업
335,하인크코리아,그외 기타 제품 제조업,제조업
336,유일에너테크,특수 목적용 기계 제조업,제조업
337,씨이랩,소프트웨어 개발 및 공급업,정보기술 및 통신업
338,오로스테크놀로지,특수 목적용 기계 제조업,제조업
339,피엔에이치테크,기초 화학물질 제조업,제조업
340,모비데이즈,광고업,서비스업
341,아이퀘스트,소프트웨어 개발 및 공급업,정보기술 및 통신업
342,레인보우로보틱스,특수 목적용 기계 제조업,제조업
343,와이더플래닛,소프트웨어 개발 및 공급업,정보기술 및 통신업
344,핑거,소프트웨어 개발 및 공급업,정보기술 및 통신업
345,모비릭스,소프트웨어 개발 및 공급업,정보기술 및 통신업
346,씨앤투스,기타 섬유제품 제조업,제조업
347,선진뷰티사이언스,기타 화학제품 제조업,제조업
348,엔비티,광고업,서비스업
349,파이버프로,"측정, 시험, 항해, 제어 및 기타 정밀기기 제조업; 광학기기 제외",제조업
350,블리츠웨이,"인형,장난감 및 오락용품 제조업",제조업
351,석경에이티,기초 화학물질 제조업,제조업
352,지놈앤컴퍼니,기초 의약물질 및 생물학적 제제 제조업,제조업
353,프리시젼바이오,의료용 기기 제조업,제조업
354,알체라,소프트웨어 개발 및 공급업,정보기술 및 통신업
355,하이딥,반도체 제조업,제조업
356,에프앤가이드,기타 정보 서비스업,서비스업
357,티엘비,전자부품 제조업,제조업
358,인바이오,"비료, 농약 및 살균, 살충제 제조업",제조업
359,엔젠바이오,"그외 기타 전문, 과학 및 기술 서비스업",서비스업
360,퀀타매트릭스,의료용 기기 제조업,제조업
361,클리노믹스,의료용품 및 기타 의약 관련제품 제조업,식품 및 음료제조업
362,포인트모바일,컴퓨터 및 주변장치 제조업,제조업
363,앱코,컴퓨터 및 주변장치 제조업,제조업
364,엔에프씨,기타 화학제품 제조업,제조업
365,제일전기공업,"전동기, 발전기 및 전기 변환 · 공급 · 제어 장치 제조업",정보기술 및 통신업
366,하나기술,특수 목적용 기계 제조업,제조업
367,티앤엘,의료용품 및 기타 의약 관련제품 제조업,식품 및 음료제조업
368,고바이오랩,자연과학 및 공학 연구개발업,제조업
369,네패스아크,"그외 기타 전문, 과학 및 기술 서비스업",서비스업
370,소룩스,전구 및 조명장치 제조업,제조업
371,위드텍,"측정, 시험, 항해, 제어 및 기타 정밀기기 제조업; 광학기기 제외",제조업
372,센코,"측정, 시험, 항해, 제어 및 기타 정밀기기 제조업; 광학기기 제외",제조업
373,바이브컴퍼니,소프트웨어 개발 및 공급업,정보기술 및 통신업
374,미코바이오메드,의료용 기기 제조업,제조업
375,피플바이오,의료용품 및 기타 의약 관련제품 제조업,식품 및 음료제조업
376,넥스틴,특수 목적용 기계 제조업,제조업
377,케이엔솔,일반 목적용 기계 제조업,제조업
378,비나텍,일차전지 및 축전지 제조업,제조업
379,씨엔알리서치,"그외 기타 전문, 과학 및 기술 서비스업",서비스업
380,박셀바이오,자연과학 및 공학 연구개발업,제조업
381,비비씨,그외 기타 제품 제조업,제조업
382,코스텍시스,반도체 제조업,제조업
383,핌스,전자부품 제조업,제조업
384,압타머사이언스,자연과학 및 공학 연구개발업,제조업
385,이오플로우,의료용 기기 제조업,제조업
386,카카오게임즈,소프트웨어 개발 및 공급업,정보기술 및 통신업
387,피엔케이피부임상연구센타,"그외 기타 전문, 과학 및 기술 서비스업",서비스업
388,아이디피,컴퓨터 및 주변장치 제조업,제조업
389,셀레믹스,기초 의약물질 및 생물학적 제제 제조업,제조업
390,고스트스튜디오,소프트웨어 개발 및 공급업,정보기술 및 통신업
391,브랜드엑스코퍼레이션,기타 정보 서비스업,서비스업
392,영림원소프트랩,소프트웨어 개발 및 공급업,정보기술 및 통신업
393,한국파마,의약품 제조업,식품 및 음료제조업
394,솔브레인,기타 화학제품 제조업,제조업
395,이루다,의료용 기기 제조업,제조업
396,와이팜,전자부품 제조업,제조업
397,에코앤드림,기타 화학제품 제조업,제조업
398,엠투아이,"측정, 시험, 항해, 제어 및 기타 정밀기기 제조업; 광학기기 제외",제조업
399,더네이쳐홀딩스,의복 액세서리 제조업,제조업
400,제놀루션,기초 의약물질 및 생물학적 제제 제조업,제조업
401,솔트룩스,소프트웨어 개발 및 공급업,정보기술 및 통신업
402,티에스아이,특수 목적용 기계 제조업,제조업
403,에이프로,기타 전기장비 제조업,정보기술 및 통신업
404,소마젠,"그외 기타 전문, 과학 및 기술 서비스업",서비스업
405,신도기연,특수 목적용 기계 제조업,제조업
406,위더스제약,의약품 제조업,식품 및 음료제조업
407,엠브레인,시장조사 및 여론조사업,서비스업
408,젠큐릭스,의료용품 및 기타 의약 관련제품 제조업,식품 및 음료제조업
409,HB솔루션,특수 목적용 기계 제조업,제조업
410,에스에이티이엔지,특수 목적용 기계 제조업,제조업
411,에스씨엠생명과학,의약품 제조업,식품 및 음료제조업
412,휴럼,기타 식품 제조업,식품 및 음료제조업
413,이지바이오,동물용 사료 및 조제식품 제조업,제조업
414,드림씨아이에스,자연과학 및 공학 연구개발업,제조업
415,엔피디,전자부품 제조업,제조업
416,플레이디,광고업,서비스업
417,서울바이오시스,반도체 제조업,제조업
418,제이앤티씨,전자부품 제조업,제조업
419,켄코아에어로스페이스,"항공기,우주선 및 부품 제조업",제조업
420,레몬,화학섬유 제조업,제조업
421,서남,기타 전기장비 제조업,정보기술 및 통신업
422,위세아이텍,소프트웨어 개발 및 공급업,정보기술 및 통신업
423,세림B&G,플라스틱제품 제조업,제조업
424,CJ 바이오사이언스,자연과학 및 공학 연구개발업,제조업
425,피피아이,통신 및 방송 장비 제조업,정보기술 및 통신업
426,RF머트리얼즈,전자부품 제조업,제조업
427,아이비김영,일반 교습 학원,서비스업
428,브릿지바이오,기초 의약물질 및 생물학적 제제 제조업,제조업
429,다보링크,통신 및 방송 장비 제조업,정보기술 및 통신업
430,메드팩토,자연과학 및 공학 연구개발업,제조업
431,원텍,의료용 기기 제조업,제조업
432,신테카바이오,소프트웨어 개발 및 공급업,정보기술 및 통신업
433,제이엘케이,소프트웨어 개발 및 공급업,정보기술 및 통신업
434,태웅로직스,기타 운송관련 서비스업,운송 및 물류업
435,윙스풋,"섬유, 의복, 신발 및 가죽제품 소매업",도매 및 소매업
436,리메드,의료용 기기 제조업,제조업
437,비올,의료용 기기 제조업,제조업
438,웨이버스,소프트웨어 개발 및 공급업,정보기술 및 통신업
439,HLB바이오스텝,자연과학 및 공학 연구개발업,제조업
440,티움바이오,자연과학 및 공학 연구개발업,제조업
441,씨에스베어링,일반 목적용 기계 제조업,제조업
442,우양,"과실, 채소 가공 및 저장 처리업",식품 및 음료제조업
443,코리아에셋투자증권,금융 지원 서비스업,서비스업
444,에스제이그룹,"가죽, 가방 및 유사제품 제조업",제조업
445,제테마,의료용품 및 기타 의약 관련제품 제조업,식품 및 음료제조업
446,라파스,기타 화학제품 제조업,제조업
447,아이티엠반도체,전자부품 제조업,제조업
448,일승,선박 및 보트 건조업,제조업
449,미디어젠,소프트웨어 개발 및 공급업,정보기술 및 통신업
450,모코엠시스,소프트웨어 개발 및 공급업,정보기술 및 통신업
451,티라유텍,소프트웨어 개발 및 공급업,정보기술 및 통신업
452,밸로프,소프트웨어 개발 및 공급업,정보기술 및 통신업
453,캐리소프트,"영화, 비디오물, 방송프로그램 제작 및 배급업",서비스업
454,케이엔제이,반도체 제조업,제조업
455,엔바이오니아,그외 기타 제품 제조업,제조업
456,팜스빌,기타 식품 제조업,식품 및 음료제조업
457,라온피플,소프트웨어 개발 및 공급업,정보기술 및 통신업
458,아톤,소프트웨어 개발 및 공급업,정보기술 및 통신업
459,녹십자웰빙,의약품 제조업,식품 및 음료제조업
460,누보,"비료, 농약 및 살균, 살충제 제조업",제조업
461,포커스에이치엔에스,영상 및 음향기기 제조업,제조업
462,올리패스,기초 의약물질 및 생물학적 제제 제조업,제조업
463,라닉스,반도체 제조업,제조업
464,윈텍,특수 목적용 기계 제조업,제조업
465,한독크린텍,일반 목적용 기계 제조업,제조업
466,네오크레마,기타 식품 제조업,식품 및 음료제조업
467,마니커에프앤지,"도축, 육류 가공 및 저장 처리업",식품 및 음료제조업
468,솔트웨어,"컴퓨터 프로그래밍, 시스템 통합 및 관리업",정보기술 및 통신업
469,나노브릭,기초 화학물질 제조업,제조업
470,에스피시스템스,특수 목적용 기계 제조업,제조업
471,레이,의료용 기기 제조업,제조업
472,그린플러스,1차 비철금속 제조업,제조업
473,코윈테크,특수 목적용 기계 제조업,제조업
474,덕산테코피아,기타 화학제품 제조업,제조업
475,KBG,합성고무 및 플라스틱 물질 제조업,제조업
476,엑스페릭스,전자부품 제조업,제조업
477,세경하이테크,전자부품 제조업,제조업
478,윌링스,"전동기, 발전기 및 전기 변환 · 공급 · 제어 장치 제조업",정보기술 및 통신업
479,대모,특수 목적용 기계 제조업,제조업
480,에이스토리,"영화, 비디오물, 방송프로그램 제작 및 배급업",서비스업
481,플리토,"자료처리, 호스팅, 포털 및 기타 인터넷 정보매개 서비스업",정보기술 및 통신업
482,헥토파이낸셜,기타 정보 서비스업,서비스업
483,아이스크림에듀,"서적, 잡지 및 기타 인쇄물 출판업",서비스업
484,펌텍코리아,플라스틱제품 제조업,제조업
485,에이에프더블류,일차전지 및 축전지 제조업,제조업
486,태성,특수 목적용 기계 제조업,제조업
487,엠에프엠코리아,편조의복 제조업,제조업
488,압타바이오,자연과학 및 공학 연구개발업,제조업
489,까스텔바작,"섬유, 의복, 신발 및 가죽제품 소매업",도매 및 소매업
490,마이크로디지탈,의료용 기기 제조업,제조업
491,코퍼스코리아,"영화, 비디오물, 방송프로그램 제작 및 배급업",서비스업
492,프로이천,반도체 제조업,제조업
493,수젠텍,의료용품 및 기타 의약 관련제품 제조업,식품 및 음료제조업
494,컴퍼니케이,기타 금융업,서비스업
495,피에스케이,특수 목적용 기계 제조업,제조업
496,현대무벡스,일반 목적용 기계 제조업,제조업
497,TS트릴리온,기타 화학제품 제조업,제조업
498,아모그린텍,전자부품 제조업,제조업
499,지노믹트리,자연과학 및 공학 연구개발업,제조업
500,이지케어텍,소프트웨어 개발 및 공급업,정보기술 및 통신업
501,미래에셋벤처투자,기타 금융업,서비스업
502,에코프로비엠,일차전지 및 축전지 제조업,제조업
503,셀리드,자연과학 및 공학 연구개발업,제조업
504,천보,기초 화학물질 제조업,제조업
505,이노테라피,의료용품 및 기타 의약 관련제품 제조업,식품 및 음료제조업
506,노랑풍선,여행사 및 기타 여행보조 서비스업,서비스업
507,웹케시,소프트웨어 개발 및 공급업,정보기술 및 통신업
508,비피도,기타 식품 제조업,식품 및 음료제조업
509,유틸렉스,기초 의약물질 및 생물학적 제제 제조업,제조업
510,디케이티,전자부품 제조업,제조업
511,아이엘사이언스,전구 및 조명장치 제조업,제조업
512,애니플러스,"영화, 비디오물, 방송프로그램 제작 및 배급업",서비스업
513,디와이씨,자동차 신품 부품 제조업,제조업
514,오하임앤컴퍼니,기타 생활용품 소매업,도매 및 소매업
515,위지윅스튜디오,"영화, 비디오물, 방송프로그램 제작 및 배급업",서비스업
516,국전약품,의약품 제조업,식품 및 음료제조업
517,에이비엘바이오,기초 의약물질 및 생물학적 제제 제조업,제조업
518,머큐리,통신 및 방송 장비 제조업,정보기술 및 통신업
519,전진바이오팜,기타 화학제품 제조업,제조업
520,뉴트리,기타 식품 제조업,식품 및 음료제조업
521,비투엔,소프트웨어 개발 및 공급업,정보기술 및 통신업
522,이노메트리,특수 목적용 기계 제조업,제조업
523,DH오토리드,자동차 신품 부품 제조업,제조업
524,에코캡,자동차 신품 부품 제조업,제조업
525,원바이오젠,의료용품 및 기타 의약 관련제품 제조업,식품 및 음료제조업
526,베스파,소프트웨어 개발 및 공급업,정보기술 및 통신업
527,윙입푸드,기타 금융업,서비스업
528,남화산업,스포츠 서비스업,서비스업
529,엠아이텍,의료용 기기 제조업,제조업
530,티로보틱스,특수 목적용 기계 제조업,제조업
531,네오펙트,의료용 기기 제조업,제조업
532,티앤알바이오팹,기초 의약물질 및 생물학적 제제 제조업,제조업
533,디알젬,의료용 기기 제조업,제조업
534,싸이토젠,자연과학 및 공학 연구개발업,제조업
535,아주IB투자,기타 금융업,서비스업
536,파멥신,의약품 제조업,식품 및 음료제조업
537,디케이앤디,플라스틱제품 제조업,제조업
538,에이치앤비디자인,"전동기, 발전기 및 전기 변환 · 공급 · 제어 장치 제조업",정보기술 및 통신업
539,노바렉스,기타 식품 제조업,식품 및 음료제조업
540,셀리버리,자연과학 및 공학 연구개발업,제조업
541,대보마그네틱,기타 전기장비 제조업,정보기술 및 통신업
542,노바텍,그외 기타 제품 제조업,제조업
543,엘앤씨바이오,의약품 제조업,식품 및 음료제조업
544,네온테크,특수 목적용 기계 제조업,제조업
545,로보티즈,특수 목적용 기계 제조업,제조업
546,옵티팜,의료용품 및 기타 의약 관련제품 제조업,식품 및 음료제조업
547,에스퓨얼셀,"전동기, 발전기 및 전기 변환 · 공급 · 제어 장치 제조업",정보기술 및 통신업
548,나우IB,기타 금융업,서비스업
549,푸드나무,무점포 소매업,도매 및 소매업
550,크리스에프앤씨,봉제의복 제조업,제조업
551,더블유에스아이,생활용품 도매업,도매 및 소매업
552,지티지웰니스,의료용 기기 제조업,제조업
553,엔피,기타 사업지원 서비스업,서비스업
554,피엔티엠에스,특수 목적용 기계 제조업,제조업
555,디지캡,소프트웨어 개발 및 공급업,정보기술 및 통신업
556,지니틱스,반도체 제조업,제조업
557,액트로,전자부품 제조업,제조업
558,오파스넷,"컴퓨터 프로그래밍, 시스템 통합 및 관리업",정보기술 및 통신업
559,에이피티씨,특수 목적용 기계 제조업,제조업
560,바이오솔루션,기초 의약물질 및 생물학적 제제 제조업,제조업
561,대유,"비료, 농약 및 살균, 살충제 제조업",제조업
562,디아이티,특수 목적용 기계 제조업,제조업
563,에스에스알,소프트웨어 개발 및 공급업,정보기술 및 통신업
564,휴네시온,소프트웨어 개발 및 공급업,정보기술 및 통신업
565,한국유니온제약,의약품 제조업,식품 및 음료제조업
566,그리티,봉제의복 제조업,제조업
567,알로이스,통신 및 방송 장비 제조업,정보기술 및 통신업
568,올릭스,자연과학 및 공학 연구개발업,제조업
569,아이큐어,의약품 제조업,식품 및 음료제조업
570,SV인베스트먼트,기타 금융업,서비스업
571,EDGC,자연과학 및 공학 연구개발업,제조업
572,카이노스메드,자연과학 및 공학 연구개발업,제조업
573,파워넷,"전동기, 발전기 및 전기 변환 · 공급 · 제어 장치 제조업",정보기술 및 통신업
574,카나리아바이오,동물용 사료 및 조제식품 제조업,제조업
575,세종메디칼,의료용 기기 제조업,제조업
576,제노레이,의료용 기기 제조업,제조업
577,제이시스메디칼,의료용 기기 제조업,제조업
578,JTC,종합 소매업,도매 및 소매업
579,네오셈,특수 목적용 기계 제조업,제조업
580,케어랩스,광고업,서비스업
581,린드먼아시아,신탁업 및 집합투자업,서비스업
582,오스테오닉,의료용 기기 제조업,제조업
583,엔지켐생명과학,기초 의약물질 및 생물학적 제제 제조업,제조업
584,동구바이오제약,의약품 제조업,식품 및 음료제조업
585,아시아종묘,작물 재배업,제조업
586,알리코제약,의료용품 및 기타 의약 관련제품 제조업,식품 및 음료제조업
587,카페24,"자료처리, 호스팅, 포털 및 기타 인터넷 정보매개 서비스업",정보기술 및 통신업
588,링크제니시스,소프트웨어 개발 및 공급업,정보기술 및 통신업
589,배럴,봉제의복 제조업,제조업
590,SG,기타 비금속 광물제품 제조업,제조업
591,씨앤지하이테크,특수 목적용 기계 제조업,제조업
592,시스웍,"측정, 시험, 항해, 제어 및 기타 정밀기기 제조업; 광학기기 제외",제조업
593,디바이스이엔지,특수 목적용 기계 제조업,제조업
594,레이크머티리얼즈,기타 화학제품 제조업,제조업
595,씨티케이,기타 화학제품 제조업,제조업
596,메카로,반도체 제조업,제조업
597,에스트래픽,"컴퓨터 프로그래밍, 시스템 통합 및 관리업",정보기술 및 통신업
598,체리부로,"도축, 육류 가공 및 저장 처리업",식품 및 음료제조업
599,대원,건물 건설업,건설 및 공사업
600,비즈니스온,소프트웨어 개발 및 공급업,정보기술 및 통신업
601,스튜디오드래곤,"영화, 비디오물, 방송프로그램 제작 및 배급업",서비스업
602,비디아이,일반 목적용 기계 제조업,제조업
603,코오롱티슈진,기초 의약물질 및 생물학적 제제 제조업,제조업
604,영화테크,자동차 신품 부품 제조업,제조업
605,폴라리스세원,자동차 신품 부품 제조업,제조업
606,상신전자,전자부품 제조업,제조업
607,야스,특수 목적용 기계 제조업,제조업
608,인산가,기타 식품 제조업,식품 및 음료제조업
609,휴엠앤씨,그외 기타 제품 제조업,제조업
610,신흥에스이씨,일차전지 및 축전지 제조업,제조업
611,유티아이,전자부품 제조업,제조업
612,선익시스템,특수 목적용 기계 제조업,제조업
613,엠플러스,특수 목적용 기계 제조업,제조업
614,앱클론,의료용품 및 기타 의약 관련제품 제조업,식품 및 음료제조업
615,어스앤에어로스페이스,"항공기,우주선 및 부품 제조업",제조업
616,펄어비스,소프트웨어 개발 및 공급업,정보기술 및 통신업
617,케이피에스,특수 목적용 기계 제조업,제조업
618,덕우전자,전자부품 제조업,제조업
619,지오릿에너지,"건축기술, 엔지니어링 및 관련 기술 서비스업",건설 및 공사업
620,케일럼,"구조용 금속제품, 탱크 및 증기발생기 제조업",제조업
621,알에스오토메이션,전자부품 제조업,제조업
622,컬러레이,기타 금융업,서비스업
623,와이즈버즈,광고업,서비스업
624,모트렉스,자동차 신품 부품 제조업,제조업
625,데이타솔루션,기계장비 및 관련 물품 도매업,도매 및 소매업
626,지니언스,소프트웨어 개발 및 공급업,정보기술 및 통신업
627,디앤씨미디어,"서적, 잡지 및 기타 인쇄물 출판업",서비스업
628,이즈미디어,"측정, 시험, 항해, 제어 및 기타 정밀기기 제조업; 광학기기 제외",제조업
629,힘스,특수 목적용 기계 제조업,제조업
630,브이원텍,특수 목적용 기계 제조업,제조업
631,아우딘퓨쳐스,기타 화학제품 제조업,제조업
632,이녹스첨단소재,전자부품 제조업,제조업
633,하림지주,기타 금융업,서비스업
634,덴티스,의료용 기기 제조업,제조업
635,나인테크,특수 목적용 기계 제조업,제조업
636,보라티알,음·식료품 및 담배 도매업,도매 및 소매업
637,매일유업,낙농제품 및 식용빙과류 제조업,식품 및 음료제조업
638,삼양옵틱스,사진장비 및 광학기기 제조업,제조업
639,이랜시스,전자부품 제조업,제조업
640,필옵틱스,특수 목적용 기계 제조업,제조업
641,포인트엔지니어링,기타 금속 가공제품 제조업,제조업
642,하나머티리얼즈,반도체 제조업,제조업
643,소프트캠프,소프트웨어 개발 및 공급업,정보기술 및 통신업
644,와이엠티,기초 화학물질 제조업,제조업
645,AP시스템,특수 목적용 기계 제조업,제조업
646,유에스티,1차 철강 제조업,제조업
647,이엘피,"측정, 시험, 항해, 제어 및 기타 정밀기기 제조업; 광학기기 제외",제조업
648,유비쿼스,통신 및 방송 장비 제조업,정보기술 및 통신업
649,서진시스템,통신 및 방송 장비 제조업,정보기술 및 통신업
650,코미코,특수 목적용 기계 제조업,제조업
651,아스타,의료용품 및 기타 의약 관련제품 제조업,식품 및 음료제조업
652,에스디생명공학,기타 화학제품 제조업,제조업
653,신신제약,의약품 제조업,식품 및 음료제조업
654,에프엔에스테크,특수 목적용 기계 제조업,제조업
655,모바일어플라이언스,소프트웨어 개발 및 공급업,정보기술 및 통신업
656,피씨엘,의료용품 및 기타 의약 관련제품 제조업,식품 및 음료제조업
657,서플러스글로벌,기계장비 및 관련 물품 도매업,도매 및 소매업
658,유바이오로직스,의약품 제조업,식품 및 음료제조업
659,한국비엔씨,기초 의약물질 및 생물학적 제제 제조업,제조업
660,DSC인베스트먼트,신탁업 및 집합투자업,서비스업
661,TS인베스트먼트,신탁업 및 집합투자업,서비스업
662,피엠티,"측정, 시험, 항해, 제어 및 기타 정밀기기 제조업; 광학기기 제외",제조업
663,애니젠,기초 의약물질 및 생물학적 제제 제조업,제조업
664,유니온커뮤니티,통신 및 방송 장비 제조업,정보기술 및 통신업
665,신라젠,자연과학 및 공학 연구개발업,제조업
666,자비스,특수 목적용 기계 제조업,제조업
667,오션브릿지,특수 목적용 기계 제조업,제조업
668,퓨쳐켐,의약품 제조업,식품 및 음료제조업
669,뉴파워프라즈마,특수 목적용 기계 제조업,제조업
670,엘앤케이바이오,의료용 기기 제조업,제조업
671,핸디소프트,소프트웨어 개발 및 공급업,정보기술 및 통신업
672,클리오,기타 화학제품 제조업,제조업
673,오가닉티코스메틱,기타 금융업,서비스업
674,얼라인드,사진장비 및 광학기기 제조업,제조업
675,세화피앤씨,기타 화학제품 제조업,제조업
676,인크로스,광고업,서비스업
677,에이치엘사이언스,기타 식품 제조업,식품 및 음료제조업
678,코스메카코리아,기타 화학제품 제조업,제조업
679,GRT,기타 금융업,서비스업
680,골든센츄리,기타 금융업,서비스업
681,인텔리안테크,통신 및 방송 장비 제조업,정보기술 및 통신업
682,에이치시티,기타 과학기술 서비스업,서비스업
683,잉글우드랩,기타 화학제품 제조업,제조업
684,앤디포스,플라스틱제품 제조업,제조업
685,수산아이앤티,소프트웨어 개발 및 공급업,정보기술 및 통신업
686,미투온,소프트웨어 개발 및 공급업,정보기술 및 통신업
687,예선테크,플라스틱제품 제조업,제조업
688,유니테크노,자동차 신품 부품 제조업,제조업
689,모비스,"컴퓨터 프로그래밍, 시스템 통합 및 관리업",정보기술 및 통신업
690,나무기술,소프트웨어 개발 및 공급업,정보기술 및 통신업
691,자이글,가정용 기기 제조업,제조업
692,헝셩그룹,기타 금융업,서비스업
693,에코마케팅,광고업,서비스업
694,엔지스테크널러지,소프트웨어 개발 및 공급업,정보기술 및 통신업
695,우리손에프앤지,"도축, 육류 가공 및 저장 처리업",식품 및 음료제조업
696,아이윈플러스,전자부품 제조업,제조업
697,장원테크,통신 및 방송 장비 제조업,정보기술 및 통신업
698,위니아,가정용 기기 제조업,제조업
699,비엘,자연과학 및 공학 연구개발업,제조업
700,피앤씨테크,"전동기, 발전기 및 전기 변환 · 공급 · 제어 장치 제조업",정보기술 및 통신업
701,로스웰,기타 금융업,서비스업
702,에스티팜,의약품 제조업,식품 및 음료제조업
703,지씨셀,"그외 기타 전문, 과학 및 기술 서비스업",서비스업
704,알엔투테크놀로지,전자부품 제조업,제조업
705,줌인터넷,"자료처리, 호스팅, 포털 및 기타 인터넷 정보매개 서비스업",정보기술 및 통신업
706,휴온스,의약품 제조업,식품 및 음료제조업
707,원익IPS,특수 목적용 기계 제조업,제조업
708,레이언스,의료용 기기 제조업,제조업
709,동양파일,"시멘트, 석회, 플라스터 및 그 제품 제조업",건설 및 공사업
710,팬젠,의약품 제조업,식품 및 음료제조업
711,AP위성,"항공기,우주선 및 부품 제조업",제조업
712,비유테크놀러지,소프트웨어 개발 및 공급업,정보기술 및 통신업
713,큐리언트,자연과학 및 공학 연구개발업,제조업
714,안트로젠,기타 전문 도매업,서비스업
715,슈프리마,통신 및 방송 장비 제조업,정보기술 및 통신업
716,유니트론텍,자동차 부품 및 내장품 판매업,도매 및 소매업
717,크리스탈신소재,기타 금융업,서비스업
718,더코디,특수 목적용 기계 제조업,제조업
719,에스와이,"구조용 금속제품, 탱크 및 증기발생기 제조업",제조업
720,와이아이케이,특수 목적용 기계 제조업,제조업
721,육일씨엔에쓰,전자부품 제조업,제조업
722,커머스마이너,상품 종합 도매업,도매 및 소매업
723,휴젤,기초 의약물질 및 생물학적 제제 제조업,제조업
724,한국맥널티,기타 식품 제조업,식품 및 음료제조업
725,덱스터,"영화, 비디오물, 방송프로그램 제작 및 배급업",서비스업
726,아진산업,자동차 신품 부품 제조업,제조업
727,HLB제약,자연과학 및 공학 연구개발업,제조업
728,강스템바이오텍,기초 의약물질 및 생물학적 제제 제조업,제조업
729,메가엠디,일반 교습 학원,서비스업
730,보광산업,기타 비금속 광물제품 제조업,제조업
731,파크시스템스,"측정, 시험, 항해, 제어 및 기타 정밀기기 제조업; 광학기기 제외",제조업
732,에치에프알,통신 및 방송 장비 제조업,정보기술 및 통신업
733,예스티,특수 목적용 기계 제조업,제조업
734,코스맥스엔비티,기타 식품 제조업,식품 및 음료제조업
735,멕아이씨에스,의료용 기기 제조업,제조업
736,원익피앤이,특수 목적용 기계 제조업,제조업
737,하이즈항공,"항공기,우주선 및 부품 제조업",제조업
738,DXVX,기타 과학기술 서비스업,서비스업
739,케이디켐,기타 화학제품 제조업,제조업
740,네오오토,자동차 신품 부품 제조업,제조업
741,엔투텍,특수 목적용 기계 제조업,제조업
742,케어젠,기초 의약물질 및 생물학적 제제 제조업,제조업
743,아이진,자연과학 및 공학 연구개발업,제조업
744,나무가,전자부품 제조업,제조업
745,이노시스,의료용 기기 제조업,제조업
746,본느,기타 화학제품 제조업,제조업
747,엔케이맥스,기초 의약물질 및 생물학적 제제 제조업,제조업
748,KH 건설,토목 건설업,건설 및 공사업
749,엑시콘,특수 목적용 기계 제조업,제조업
750,뉴지랩파마,기계장비 및 관련 물품 도매업,도매 및 소매업
751,케이엠제약,기타 화학제품 제조업,제조업
752,한송네오텍,특수 목적용 기계 제조업,제조업
753,패션플랫폼,봉제의복 제조업,제조업
754,넥슨게임즈,소프트웨어 개발 및 공급업,정보기술 및 통신업
755,제너셈,특수 목적용 기계 제조업,제조업
756,타이거일렉,전자부품 제조업,제조업
757,인포마크,통신 및 방송 장비 제조업,정보기술 및 통신업
758,씨아이에스,특수 목적용 기계 제조업,제조업
759,에이텍모빌리티,통신 및 방송 장비 제조업,정보기술 및 통신업
760,웹스,합성고무 및 플라스틱 물질 제조업,제조업
761,파인텍,특수 목적용 기계 제조업,제조업
762,세토피아,1차 철강 제조업,제조업
763,심텍,전자부품 제조업,제조업
764,흥국에프엔비,비알코올음료 및 얼음 제조업,식품 및 음료제조업
765,쎄노텍,기타 비금속 광물제품 제조업,제조업
766,칩스앤미디어,반도체 제조업,제조업
767,아시아경제,"자료처리, 호스팅, 포털 및 기타 인터넷 정보매개 서비스업",정보기술 및 통신업
768,아이쓰리시스템,전자부품 제조업,제조업
769,로지시스,"컴퓨터 프로그래밍, 시스템 통합 및 관리업",정보기술 및 통신업
770,켐트로스,기타 화학제품 제조업,제조업
771,파마리서치,의료용품 및 기타 의약 관련제품 제조업,식품 및 음료제조업
772,디와이디,생활용품 도매업,도매 및 소매업
773,펩트론,기초 의약물질 및 생물학적 제제 제조업,제조업
774,RFHIC,통신 및 방송 장비 제조업,정보기술 및 통신업
775,동운아나텍,반도체 제조업,제조업
776,일월지엠엘,상품 종합 도매업,도매 및 소매업
777,헥토이노베이션,기타 정보 서비스업,서비스업
778,이큐셀,특수 목적용 기계 제조업,제조업
779,코아스템켐온,의약품 제조업,식품 및 음료제조업
780,에스엘에너지,반도체 제조업,제조업
781,베셀,특수 목적용 기계 제조업,제조업
782,넵튠,소프트웨어 개발 및 공급업,정보기술 및 통신업
783,미래생명자원,동물용 사료 및 조제식품 제조업,제조업
784,싸이맥스,특수 목적용 기계 제조업,제조업
785,러셀,특수 목적용 기계 제조업,제조업
786,픽셀플러스,전자부품 제조업,제조업
787,디딤이앤에프,음식점업,서비스업
788,제노포커스,기초 의약물질 및 생물학적 제제 제조업,제조업
789,우정바이오,자연과학 및 공학 연구개발업,제조업
790,토박스코리아,"섬유, 의복, 신발 및 가죽제품 소매업",도매 및 소매업
791,이노인스트루먼트,통신 및 방송 장비 제조업,정보기술 및 통신업
792,우리산업,자동차 신품 부품 제조업,제조업
793,메가스터디교육,일반 교습 학원,서비스업
794,휴센텍,"측정, 시험, 항해, 제어 및 기타 정밀기기 제조업; 광학기기 제외",제조업
795,로보로보,기타 전기장비 제조업,정보기술 및 통신업
796,디알텍,의료용 기기 제조업,제조업
797,에이비프로바이오,특수 목적용 기계 제조업,제조업
798,골프존,소프트웨어 개발 및 공급업,정보기술 및 통신업
799,클래시스,의료용 기기 제조업,제조업
800,FSN,소프트웨어 개발 및 공급업,정보기술 및 통신업
801,포시에스,소프트웨어 개발 및 공급업,정보기술 및 통신업
802,덕산네오룩스,전자부품 제조업,제조업
803,국일신동,1차 비철금속 제조업,제조업
804,바디텍메드,의료용품 및 기타 의약 관련제품 제조업,식품 및 음료제조업
805,스튜디오산타클로스,창작 및 예술관련 서비스업,서비스업
806,썸에이지,소프트웨어 개발 및 공급업,정보기술 및 통신업
807,와이제이엠게임즈,전자부품 제조업,제조업
808,에이팩트,"그외 기타 전문, 과학 및 기술 서비스업",서비스업
809,휴메딕스,의약품 제조업,식품 및 음료제조업
810,바이오로그디바이스,전자부품 제조업,제조업
811,서전기전,"전동기, 발전기 및 전기 변환 · 공급 · 제어 장치 제조업",정보기술 및 통신업
812,아스트,"항공기,우주선 및 부품 제조업",제조업
813,오킨스전자,전자부품 제조업,제조업
814,지란지교시큐리티,소프트웨어 개발 및 공급업,정보기술 및 통신업
815,NEW,"영화, 비디오물, 방송프로그램 제작 및 배급업",서비스업
816,아이티센,"컴퓨터 프로그래밍, 시스템 통합 및 관리업",정보기술 및 통신업
817,녹십자엠에스,의료용품 및 기타 의약 관련제품 제조업,식품 및 음료제조업
818,디티앤씨,기타 과학기술 서비스업,서비스업
819,셀바스헬스케어,의료용 기기 제조업,제조업
820,정다운,"도축, 육류 가공 및 저장 처리업",식품 및 음료제조업
821,하이로닉,의료용 기기 제조업,제조업
822,랩지노믹스,자연과학 및 공학 연구개발업,제조업
823,에이디테크놀로지,반도체 제조업,제조업
824,비씨월드제약,의약품 제조업,식품 및 음료제조업
825,미스터블루,기타 정보 서비스업,서비스업
826,알테오젠,자연과학 및 공학 연구개발업,제조업
827,베노티앤알,실내건축 및 건축마무리 공사업,건설 및 공사업
828,대창스틸,1차 철강 제조업,제조업
829,에프엔씨엔터,창작 및 예술관련 서비스업,서비스업
830,휴마시스,의료용품 및 기타 의약 관련제품 제조업,식품 및 음료제조업
831,텔콘RF제약,통신 및 방송 장비 제조업,정보기술 및 통신업
832,지엘팜텍,자연과학 및 공학 연구개발업,제조업
833,글로벌텍스프리,금융 지원 서비스업,서비스업
834,디에이테크놀로지,특수 목적용 기계 제조업,제조업
835,액션스퀘어,소프트웨어 개발 및 공급업,정보기술 및 통신업
836,엑셈,소프트웨어 개발 및 공급업,정보기술 및 통신업
837,테고사이언스,기초 의약물질 및 생물학적 제제 제조업,제조업
838,슈피겐코리아,그외 기타 제품 제조업,제조업
839,영우디에스피,특수 목적용 기계 제조업,제조업
840,드림시큐리티,소프트웨어 개발 및 공급업,정보기술 및 통신업
841,메디아나,의료용 기기 제조업,제조업
842,데브시스터즈,소프트웨어 개발 및 공급업,정보기술 및 통신업
843,스피어파워,"펄프, 종이 및 판지 제조업",제조업
844,휴림네트웍스,통신 및 방송 장비 제조업,정보기술 및 통신업
845,고려시멘트,"시멘트, 석회, 플라스터 및 그 제품 제조업",건설 및 공사업
846,신화콘텍,"전동기, 발전기 및 전기 변환 · 공급 · 제어 장치 제조업",정보기술 및 통신업
847,파버나인,전자부품 제조업,제조업
848,덕신하우징,"구조용 금속제품, 탱크 및 증기발생기 제조업",제조업
849,창해에탄올,알코올음료 제조업,식품 및 음료제조업
850,윈하이텍,"구조용 금속제품, 탱크 및 증기발생기 제조업",제조업
851,아진엑스텍,반도체 제조업,제조업
852,콜마비앤에이치,기초 의약물질 및 생물학적 제제 제조업,제조업
853,트루윈,전자부품 제조업,제조업
854,코아시아씨엠,사진장비 및 광학기기 제조업,제조업
855,캐스텍코리아,자동차 신품 부품 제조업,제조업
856,나노,기초 화학물질 제조업,제조업
857,케이사인,소프트웨어 개발 및 공급업,정보기술 및 통신업
858,오이솔루션,통신 및 방송 장비 제조업,정보기술 및 통신업
859,한국정보인증,소프트웨어 개발 및 공급업,정보기술 및 통신업
860,다산솔루에타,전자부품 제조업,제조업
861,현대이지웰,소프트웨어 개발 및 공급업,정보기술 및 통신업
862,SGA솔루션즈,소프트웨어 개발 및 공급업,정보기술 및 통신업
863,기가레인,특수 목적용 기계 제조업,제조업
864,인트로메딕,의료용 기기 제조업,제조업
865,알티캐스트,소프트웨어 개발 및 공급업,정보기술 및 통신업
866,현대공업,자동차 신품 부품 제조업,제조업
867,엔브이에이치코리아,자동차 신품 부품 제조업,제조업
868,탑코미디어,통신 및 방송 장비 제조업,정보기술 및 통신업
869,큐브엔터,오디오물 출판 및 원판 녹음업,도매 및 소매업
870,라이온켐텍,기타 화학제품 제조업,제조업
871,램테크놀러지,기초 화학물질 제조업,제조업
872,THE MIDONG,영상 및 음향기기 제조업,제조업
873,협진,특수 목적용 기계 제조업,제조업
874,해성옵틱스,사진장비 및 광학기기 제조업,제조업
875,내츄럴엔도텍,자연과학 및 공학 연구개발업,제조업
876,두산테스나,"그외 기타 전문, 과학 및 기술 서비스업",서비스업
877,파수,소프트웨어 개발 및 공급업,정보기술 및 통신업
878,엘티씨,기초 화학물질 제조업,제조업
879,지엔씨에너지,"전동기, 발전기 및 전기 변환 · 공급 · 제어 장치 제조업",정보기술 및 통신업
880,아미코젠,기타 식품 제조업,식품 및 음료제조업
881,GH신소재,기타 섬유제품 제조업,제조업
882,파이오링크,통신 및 방송 장비 제조업,정보기술 및 통신업
883,KG ETS,기타 화학제품 제조업,제조업
884,나스미디어,광고업,서비스업
885,엑세스바이오,의료용품 및 기타 의약 관련제품 제조업,식품 및 음료제조업
886,레고켐바이오,자연과학 및 공학 연구개발업,제조업
887,윈팩,반도체 제조업,제조업
888,코렌텍,의료용 기기 제조업,제조업
889,제로투세븐,생활용품 도매업,도매 및 소매업
890,한솔아이원스,특수 목적용 기계 제조업,제조업
891,우리이앤엘,반도체 제조업,제조업
892,아이센스,의료용 기기 제조업,제조업
893,스킨앤스킨,기타 화학제품 제조업,제조업
894,SBI핀테크솔루션즈,소프트웨어 개발 및 공급업,정보기술 및 통신업
895,우리로,기타 전문 도매업,서비스업
896,디젠스,자동차 신품 부품 제조업,제조업
897,와이엠씨,전자부품 제조업,제조업
898,아바텍,전자부품 제조업,제조업
899,코이즈,플라스틱제품 제조업,제조업
900,SBW생명과학,전자부품 제조업,제조업
901,네이블커뮤니케이션즈,소프트웨어 개발 및 공급업,정보기술 및 통신업
902,노블엠앤비,사진장비 및 광학기기 제조업,제조업
903,피엔티,특수 목적용 기계 제조업,제조업
904,비아트론,특수 목적용 기계 제조업,제조업
905,빛샘전자,전자부품 제조업,제조업
906,사람인,"자료처리, 호스팅, 포털 및 기타 인터넷 정보매개 서비스업",정보기술 및 통신업
907,제룡산업,"구조용 금속제품, 탱크 및 증기발생기 제조업",제조업
908,남화토건,건물 건설업,건설 및 공사업
909,메지온,자연과학 및 공학 연구개발업,제조업
910,원익머트리얼즈,기초 화학물질 제조업,제조업
911,디엔에이링크,자연과학 및 공학 연구개발업,제조업
912,나이스디앤비,기타 사업지원 서비스업,서비스업
913,시큐브,소프트웨어 개발 및 공급업,정보기술 및 통신업
914,서암기계공업,일반 목적용 기계 제조업,제조업
915,씨유메디칼,의료용 기기 제조업,제조업
916,키네마스터,소프트웨어 개발 및 공급업,정보기술 및 통신업
917,비덴트,통신 및 방송 장비 제조업,정보기술 및 통신업
918,신진에스엠,기타 금속 가공제품 제조업,제조업
919,이엠넷,광고업,서비스업
920,와이지엔터테인먼트,오디오물 출판 및 원판 녹음업,도매 및 소매업
921,스마트솔루션즈,특수 목적용 기계 제조업,제조업
922,에이티세미콘,"그외 기타 전문, 과학 및 기술 서비스업",서비스업
923,테크윙,특수 목적용 기계 제조업,제조업
924,씨큐브,기초 화학물질 제조업,제조업
925,에스엠코어,일반 목적용 기계 제조업,제조업
926,씨엔플러스,전자부품 제조업,제조업
927,로보스타,특수 목적용 기계 제조업,제조업
928,대한과학,기계장비 및 관련 물품 도매업,도매 및 소매업
929,아이디스,통신 및 방송 장비 제조업,정보기술 및 통신업
930,제이씨케미칼,기타 화학제품 제조업,제조업
931,아이씨디,특수 목적용 기계 제조업,제조업
932,제닉,기타 화학제품 제조업,제조업
933,BF랩스,"컴퓨터 프로그래밍, 시스템 통합 및 관리업",정보기술 및 통신업
934,상아프론테크,플라스틱제품 제조업,제조업
935,나이벡,의료용품 및 기타 의약 관련제품 제조업,식품 및 음료제조업
936,옵티시스,통신 및 방송 장비 제조업,정보기술 및 통신업
937,대양전기공업,선박 및 보트 건조업,제조업
938,서연탑메탈,특수 목적용 기계 제조업,제조업
939,넥스트아이,"측정, 시험, 항해, 제어 및 기타 정밀기기 제조업; 광학기기 제외",제조업
940,티엔엔터테인먼트,"영화, 비디오물, 방송프로그램 제작 및 배급업",서비스업
941,KX,텔레비전 방송업,서비스업
942,골프존뉴딘홀딩스,상품 중개업,서비스업
943,윈스,"컴퓨터 프로그래밍, 시스템 통합 및 관리업",정보기술 및 통신업
944,하림,"도축, 육류 가공 및 저장 처리업",식품 및 음료제조업
945,이퓨쳐,"서적, 잡지 및 기타 인쇄물 출판업",서비스업
946,티케이케미칼,화학섬유 제조업,제조업
947,부스타,"구조용 금속제품, 탱크 및 증기발생기 제조업",제조업
948,나노신소재,기타 화학제품 제조업,제조업
949,케이아이엔엑스,"자료처리, 호스팅, 포털 및 기타 인터넷 정보매개 서비스업",정보기술 및 통신업
950,티피씨글로벌,자동차 신품 부품 제조업,제조업
951,LB세미콘,반도체 제조업,제조업
952,딜리,컴퓨터 및 주변장치 제조업,제조업
953,제이엔케이히터,일반 목적용 기계 제조업,제조업
954,블루콤,영상 및 음향기기 제조업,제조업
955,인트론바이오,기초 의약물질 및 생물학적 제제 제조업,제조업
956,커넥트웨이브,소프트웨어 개발 및 공급업,정보기술 및 통신업
957,알서포트,소프트웨어 개발 및 공급업,정보기술 및 통신업
958,인텍플러스,특수 목적용 기계 제조업,제조업
959,티에스이,"측정, 시험, 항해, 제어 및 기타 정밀기기 제조업; 광학기기 제외",제조업
960,이브이첨단소재,전자부품 제조업,제조업
961,대정화금,기초 화학물질 제조업,제조업
962,피제이메탈,1차 비철금속 제조업,제조업
963,옵투스제약,의약품 제조업,식품 및 음료제조업
964,에이루트,컴퓨터 및 주변장치 제조업,제조업
965,티비씨,텔레비전 방송업,서비스업
966,시그네틱스,반도체 제조업,제조업
967,한국전자인증,소프트웨어 개발 및 공급업,정보기술 및 통신업
968,BGF에코머티리얼즈,합성고무 및 플라스틱 물질 제조업,제조업
969,디케이락,일반 목적용 기계 제조업,제조업
970,위메이드플레이,소프트웨어 개발 및 공급업,정보기술 및 통신업
971,KH 전자,영상 및 음향기기 제조업,제조업
972,아나패스,반도체 제조업,제조업
973,KNN,텔레비전 방송업,서비스업
974,누리플랜,"구조용 금속제품, 탱크 및 증기발생기 제조업",제조업
975,아이텍,"그외 기타 전문, 과학 및 기술 서비스업",서비스업
976,인화정공,선박 및 보트 건조업,제조업
977,셀피글로벌,전자부품 제조업,제조업
978,뉴온,특수 목적용 기계 제조업,제조업
979,알파홀딩스,반도체 제조업,제조업
980,포메탈,기타 금속 가공제품 제조업,제조업
981,다원시스,"전동기, 발전기 및 전기 변환 · 공급 · 제어 장치 제조업",정보기술 및 통신업
982,씨젠,의료용품 및 기타 의약 관련제품 제조업,식품 및 음료제조업
983,와이솔,전자부품 제조업,제조업
984,하이비젼시스템,사진장비 및 광학기기 제조업,제조업
985,화신정공,자동차 신품 부품 제조업,제조업
986,코리아에프티,자동차 신품 부품 제조업,제조업
987,엠에스오토텍,자동차 신품 부품 제조업,제조업
988,이글루,기타 정보 서비스업,서비스업
989,인터로조,의료용 기기 제조업,제조업
990,하이텍팜,기초 의약물질 및 생물학적 제제 제조업,제조업
991,에스디시스템,전자부품 제조업,제조업
992,알톤스포츠,그외 기타 운송장비 제조업,제조업
993,유비벨록스,소프트웨어 개발 및 공급업,정보기술 및 통신업
994,오르비텍,기타 과학기술 서비스업,서비스업
995,엑스큐어,소프트웨어 개발 및 공급업,정보기술 및 통신업
996,투비소프트,소프트웨어 개발 및 공급업,정보기술 및 통신업
997,인피니트헬스케어,소프트웨어 개발 및 공급업,정보기술 및 통신업
998,서진오토모티브,자동차 신품 부품 제조업,제조업
999,인지소프트,소프트웨어 개발 및 공급업,정보기술 및 통신업
1000,이스트아시아홀딩스,기타 금융업,서비스업
1001,애머릿지,자동차 부품 및 내장품 판매업,도매 및 소매업
1002,케이씨에스,"컴퓨터 프로그래밍, 시스템 통합 및 관리업",정보기술 및 통신업
1003,씨엑스아이,기타 금융업,서비스업
1004,HLB테라퓨틱스,기타 전문 도매업,서비스업
1005,삼기,자동차 신품 부품 제조업,제조업
1006,이미지스,반도체 제조업,제조업
1007,인포바인,전기 통신업,정보기술 및 통신업
1008,하이소닉,전자부품 제조업,제조업
1009,모베이스,통신 및 방송 장비 제조업,정보기술 및 통신업
1010,스타플렉스,플라스틱제품 제조업,제조업
1011,우리넷,통신 및 방송 장비 제조업,정보기술 및 통신업
1012,아세아텍,특수 목적용 기계 제조업,제조업
1013,폴라리스우노,화학섬유 제조업,제조업
1014,코디,기타 화학제품 제조업,제조업
1015,글로벌에스엠,기타 금융업,서비스업
1016,ITX-AI,영상 및 음향기기 제조업,제조업
1017,그린생명과학,기초 의약물질 및 생물학적 제제 제조업,제조업
1018,디와이피엔에프,일반 목적용 기계 제조업,제조업
1019,위메이드,소프트웨어 개발 및 공급업,정보기술 및 통신업
1020,셀바스AI,소프트웨어 개발 및 공급업,정보기술 및 통신업
1021,이원컴포텍,자동차 신품 부품 제조업,제조업
1022,강원에너지,"구조용 금속제품, 탱크 및 증기발생기 제조업",제조업
1023,휴맥스,영상 및 음향기기 제조업,제조업
1024,에이프로젠 H&G,기타 전문 도매업,서비스업
1025,동방선기,선박 및 보트 건조업,제조업
1026,상상인인더스트리,특수 목적용 기계 제조업,제조업
1027,진매트릭스,자연과학 및 공학 연구개발업,제조업
1028,비츠로셀,일차전지 및 축전지 제조업,제조업
1029,한스바이오메드,의료용품 및 기타 의약 관련제품 제조업,식품 및 음료제조업
1030,NHN벅스,소프트웨어 개발 및 공급업,정보기술 및 통신업
1031,아이앤씨,반도체 제조업,제조업
1032,케이엔더블유,자동차 신품 부품 제조업,제조업
1033,디에스케이,특수 목적용 기계 제조업,제조업
1034,제넥신,자연과학 및 공학 연구개발업,제조업
1035,톱텍,특수 목적용 기계 제조업,제조업
1036,동국S&C,"구조용 금속제품, 탱크 및 증기발생기 제조업",제조업
1037,에스앤더블류,일반 목적용 기계 제조업,제조업
1038,컴투스홀딩스,소프트웨어 개발 및 공급업,정보기술 및 통신업
1039,동일금속,금속 주조업,제조업
1040,어보브반도체,반도체 제조업,제조업
1041,위메이드맥스,소프트웨어 개발 및 공급업,정보기술 및 통신업
1042,이엔에프테크놀로지,기타 화학제품 제조업,제조업
1043,스맥,특수 목적용 기계 제조업,제조업
1044,SDN,기계장비 및 관련 물품 도매업,도매 및 소매업
1045,한국정밀기계,특수 목적용 기계 제조업,제조업
1046,흥국,특수 목적용 기계 제조업,제조업
1047,우림피티에스,일반 목적용 기계 제조업,제조업
1048,티플랙스,기타 금속 가공제품 제조업,제조업
1049,에스티오,봉제의복 제조업,제조업
1050,에이테크솔루션,특수 목적용 기계 제조업,제조업
1051,에스앤에스텍,전자부품 제조업,제조업
1052,뷰웍스,의료용 기기 제조업,제조업
1053,코오롱생명과학,기초 의약물질 및 생물학적 제제 제조업,제조업
1054,엔시트론,반도체 제조업,제조업
1055,파인테크닉스,전구 및 조명장치 제조업,제조업
1056,이수앱지스,의료용품 및 기타 의약 관련제품 제조업,식품 및 음료제조업
1057,대성파인텍,자동차 신품 부품 제조업,제조업
1058,유비쿼스홀딩스,기타 금융업,서비스업
1059,메디톡스,기초 의약물질 및 생물학적 제제 제조업,제조업
1060,엠게임,소프트웨어 개발 및 공급업,정보기술 및 통신업
1061,아이컴포넌트,전자부품 제조업,제조업
1062,HLB생명과학,의료용품 및 기타 의약 관련제품 제조업,식품 및 음료제조업
1063,이크레더블,기타 정보 서비스업,서비스업
1064,세운메디칼,의료용품 및 기타 의약 관련제품 제조업,식품 및 음료제조업
1065,마이크로컨텍솔,전자부품 제조업,제조업
1066,이엠앤아이,기초 화학물질 제조업,제조업
1067,아이엠,전자부품 제조업,제조업
1068,웰크론한텍,건물 건설업,건설 및 공사업
1069,하이드로리튬,"구조용 금속제품, 탱크 및 증기발생기 제조업",제조업
1070,슈프리마에이치큐,통신 및 방송 장비 제조업,정보기술 및 통신업
1071,서울옥션,상품 중개업,서비스업
1072,이스트소프트,소프트웨어 개발 및 공급업,정보기술 및 통신업
1073,크레버스,일반 교습 학원,서비스업
1074,월덱스,전자부품 제조업,제조업
1075,쎄트렉아이,"항공기,우주선 및 부품 제조업",제조업
1076,브리지텍,소프트웨어 개발 및 공급업,정보기술 및 통신업
1077,고영,특수 목적용 기계 제조업,제조업
1078,조이시티,소프트웨어 개발 및 공급업,정보기술 및 통신업
1079,우진비앤지,의약품 제조업,식품 및 음료제조업
1080,테스,특수 목적용 기계 제조업,제조업
1081,예스24,무점포 소매업,도매 및 소매업
1082,엘디티,반도체 제조업,제조업
1083,메타바이오메드,의료용품 및 기타 의약 관련제품 제조업,식품 및 음료제조업
1084,효성오앤비,"비료, 농약 및 살균, 살충제 제조업",제조업
1085,한울소재과학,통신 및 방송 장비 제조업,정보기술 및 통신업
1086,이트론,기타 전문 도매업,서비스업
1087,에코볼트,자동차 신품 부품 제조업,제조업
1088,에스코넥,통신 및 방송 장비 제조업,정보기술 및 통신업
1089,일신바이오,일반 목적용 기계 제조업,제조업
1090,서원인텍,통신 및 방송 장비 제조업,정보기술 및 통신업
1091,이씨에스,"컴퓨터 프로그래밍, 시스템 통합 및 관리업",정보기술 및 통신업
1092,대창솔루션,"구조용 금속제품, 탱크 및 증기발생기 제조업",제조업
1093,아이에스이커머스,무점포 소매업,도매 및 소매업
1094,알에프세미,반도체 제조업,제조업
1095,디엔에프,기타 화학제품 제조업,제조업
1096,일진파워,전기 및 통신 공사업,건설 및 공사업
1097,비엠티,일반 목적용 기계 제조업,제조업
1098,이엠코리아,기타 금속 가공제품 제조업,제조업
1099,현우산업,전자부품 제조업,제조업
1100,케이알엠,반도체 제조업,제조업
1101,에스에너지,"전동기, 발전기 및 전기 변환 · 공급 · 제어 장치 제조업",정보기술 및 통신업
1102,성우전자,통신 및 방송 장비 제조업,정보기술 및 통신업
1103,엘엠에스,전자부품 제조업,제조업
1104,제이엠티,전자부품 제조업,제조업
1105,오디텍,반도체 제조업,제조업
1106,ISC,기계장비 및 관련 물품 도매업,도매 및 소매업
1107,네오티스,자동차 신품 부품 제조업,제조업
1108,미래나노텍,플라스틱제품 제조업,제조업
1109,상보,플라스틱제품 제조업,제조업
1110,바이오톡스텍,자연과학 및 공학 연구개발업,제조업
1111,옴니시스템,"측정, 시험, 항해, 제어 및 기타 정밀기기 제조업; 광학기기 제외",제조업
1112,푸른기술,컴퓨터 및 주변장치 제조업,제조업
1113,웨이브일렉트로,"측정, 시험, 항해, 제어 및 기타 정밀기기 제조업; 광학기기 제외",제조업
1114,빅솔론,컴퓨터 및 주변장치 제조업,제조업
1115,S&K폴리텍,전자부품 제조업,제조업
1116,율호,"컴퓨터 프로그래밍, 시스템 통합 및 관리업",정보기술 및 통신업
1117,갤럭시아머니트리,소프트웨어 개발 및 공급업,정보기술 및 통신업
1118,에코프로,기타 금융업,서비스업
1119,대산F&B,음·식료품 및 담배 도매업,도매 및 소매업
1120,컴투스,소프트웨어 개발 및 공급업,정보기술 및 통신업
1121,네오위즈,소프트웨어 개발 및 공급업,정보기술 및 통신업
1122,앤씨앤,반도체 제조업,제조업
1123,엔텔스,소프트웨어 개발 및 공급업,정보기술 및 통신업
1124,풍강,기타 금속 가공제품 제조업,제조업
1125,동국제약,의약품 제조업,식품 및 음료제조업
1126,케이프,선박 및 보트 건조업,제조업
1127,상신이디피,일차전지 및 축전지 제조업,제조업
1128,한라IMS,선박 및 보트 건조업,제조업
1129,에프알텍,통신 및 방송 장비 제조업,정보기술 및 통신업
1130,이엠텍,전자부품 제조업,제조업
1131,참좋은여행,여행사 및 기타 여행보조 서비스업,서비스업
1132,네오리진,소프트웨어 개발 및 공급업,정보기술 및 통신업
1133,이베스트투자증권,금융 지원 서비스업,서비스업
1134,매커스,기계장비 및 관련 물품 도매업,도매 및 소매업
1135,나노캠텍,플라스틱제품 제조업,제조업
1136,네오팜,기타 화학제품 제조업,제조업
1137,오스코텍,의약품 제조업,식품 및 음료제조업
1138,켐트로닉스,기타 화학제품 제조업,제조업
1139,제이스텍,특수 목적용 기계 제조업,제조업
1140,동아엘텍,특수 목적용 기계 제조업,제조업
1141,휴온스글로벌,의약품 제조업,식품 및 음료제조업
1142,케이씨티,"컴퓨터 프로그래밍, 시스템 통합 및 관리업",정보기술 및 통신업
1143,파트론,전자부품 제조업,제조업
1144,유니테스트,특수 목적용 기계 제조업,제조업
1145,휴림로봇,특수 목적용 기계 제조업,제조업
1146,에스에이티,"측정, 시험, 항해, 제어 및 기타 정밀기기 제조업; 광학기기 제외",제조업
1147,큐에스아이,반도체 제조업,제조업
1148,멀티캠퍼스,기타 교육기관,서비스업
1149,코세스,특수 목적용 기계 제조업,제조업
1150,성창오토텍,자동차 신품 부품 제조업,제조업
1151,넥스턴바이오,특수 목적용 기계 제조업,제조업
1152,제이티,특수 목적용 기계 제조업,제조업
1153,아이윈,자동차 신품 부품 제조업,제조업
1154,이녹스,그외 기타 운송장비 제조업,제조업
1155,THE E&M,기타 정보 서비스업,서비스업
1156,바텍,의료용 기기 제조업,제조업
1157,MDS테크,소프트웨어 개발 및 공급업,정보기술 및 통신업
1158,루멘스,반도체 제조업,제조업
1159,CSA 코스믹,기타 화학제품 제조업,제조업
1160,티엘아이,반도체 제조업,제조업
1161,한국전자금융,기타 사업지원 서비스업,서비스업
1162,쇼박스,"영화, 비디오물, 방송프로그램 제작 및 배급업",서비스업
1163,팬엔터테인먼트,"영화, 비디오물, 방송프로그램 제작 및 배급업",서비스업
1164,인포뱅크,기타 정보 서비스업,서비스업
1165,아이오케이,"영화, 비디오물, 방송프로그램 제작 및 배급업",서비스업
1166,동우팜투테이블,"도축, 육류 가공 및 저장 처리업",식품 및 음료제조업
1167,제이브이엠,일반 목적용 기계 제조업,제조업
1168,팅크웨어,통신 및 방송 장비 제조업,정보기술 및 통신업
1169,진바이오텍,산업용 농·축산물 및 동·식물 도매업,도매 및 소매업
1170,TKG애강,플라스틱제품 제조업,제조업
1171,에이스테크,통신 및 방송 장비 제조업,정보기술 및 통신업
1172,셀트리온제약,의약품 제조업,식품 및 음료제조업
1173,GST,특수 목적용 기계 제조업,제조업
1174,에너토크,일반 목적용 기계 제조업,제조업
1175,제우스,특수 목적용 기계 제조업,제조업
1176,뉴프렉스,전자부품 제조업,제조업
1177,유진테크,특수 목적용 기계 제조업,제조업
1178,CG인바이츠,자연과학 및 공학 연구개발업,제조업
1179,바이오니아,의료용품 및 기타 의약 관련제품 제조업,식품 및 음료제조업
1180,헬릭스미스,자연과학 및 공학 연구개발업,제조업
1181,인콘,상품 종합 도매업,도매 및 소매업
1182,차바이오텍,기초 의약물질 및 생물학적 제제 제조업,제조업
1183,대봉엘에스,의약품 제조업,식품 및 음료제조업
1184,와이엔텍,폐기물 처리업,운송 및 물류업
1185,케이엠,기타 섬유제품 제조업,제조업
1186,수성웹툰,일반 목적용 기계 제조업,제조업
1187,모다이노칩,"섬유, 의복, 신발 및 가죽제품 소매업",도매 및 소매업
1188,비에이치아이,일반 목적용 기계 제조업,제조업
1189,케스피온,통신 및 방송 장비 제조업,정보기술 및 통신업
1190,비보존 제약,의약품 제조업,식품 및 음료제조업
1191,자연과환경,"시멘트, 석회, 플라스터 및 그 제품 제조업",건설 및 공사업
1192,와토스코리아,플라스틱제품 제조업,제조업
1193,폴라리스오피스,소프트웨어 개발 및 공급업,정보기술 및 통신업
1194,휴림에이텍,자동차 신품 부품 제조업,제조업
1195,서린바이오,기타 전문 도매업,서비스업
1196,가비아,소프트웨어 개발 및 공급업,정보기술 및 통신업
1197,덕산하이메탈,반도체 제조업,제조업
1198,아바코,특수 목적용 기계 제조업,제조업
1199,하나마이크론,반도체 제조업,제조업
1200,엘오티베큠,특수 목적용 기계 제조업,제조업
1201,코스나인,기타 화학제품 제조업,제조업
1202,이상네트웍스,상품 중개업,서비스업
1203,아리온,통신 및 방송 장비 제조업,정보기술 및 통신업
1204,메디포스트,기초 의약물질 및 생물학적 제제 제조업,제조업
1205,우리바이오,전구 및 조명장치 제조업,제조업
1206,모두투어,여행사 및 기타 여행보조 서비스업,서비스업
1207,가온그룹,통신 및 방송 장비 제조업,정보기술 및 통신업
1208,쏠리드,통신 및 방송 장비 제조업,정보기술 및 통신업
1209,옵트론텍,사진장비 및 광학기기 제조업,제조업
1210,젬백스,특수 목적용 기계 제조업,제조업
1211,플랜티넷,"컴퓨터 프로그래밍, 시스템 통합 및 관리업",정보기술 및 통신업
1212,이노와이어리스,통신 및 방송 장비 제조업,정보기술 및 통신업
1213,인베니아,특수 목적용 기계 제조업,제조업
1214,동양이엔피,"전동기, 발전기 및 전기 변환 · 공급 · 제어 장치 제조업",정보기술 및 통신업
1215,제주반도체,반도체 제조업,제조업
1216,한창산업,1차 비철금속 제조업,제조업
1217,디이엔티,특수 목적용 기계 제조업,제조업
1218,에스엔유,특수 목적용 기계 제조업,제조업
1219,iMBC,"자료처리, 호스팅, 포털 및 기타 인터넷 정보매개 서비스업",정보기술 및 통신업
1220,서산,"시멘트, 석회, 플라스터 및 그 제품 제조업",건설 및 공사업
1221,KX하이텍,플라스틱제품 제조업,제조업
1222,손오공,기타 전문 도매업,서비스업
1223,미래컴퍼니,특수 목적용 기계 제조업,제조업
1224,아이크래프트,"컴퓨터 프로그래밍, 시스템 통합 및 관리업",정보기술 및 통신업
1225,메가스터디,"서적, 잡지 및 기타 인쇄물 출판업",서비스업
1226,케이에스피,일반 목적용 기계 제조업,제조업
1227,KG모빌리언스,소프트웨어 개발 및 공급업,정보기술 및 통신업
1228,대주전자재료,전자부품 제조업,제조업
1229,텔레칩스,반도체 제조업,제조업
1230,HB테크놀러지,특수 목적용 기계 제조업,제조업
1231,도이치모터스,자동차 판매업,도매 및 소매업
1232,토비스,영상 및 음향기기 제조업,제조업
1233,제넨바이오,생활용품 도매업,도매 및 소매업
1234,국일제지,기타 종이 및 판지 제품 제조업,제조업
1235,DMS,특수 목적용 기계 제조업,제조업
1236,퀀타피아,생활용품 도매업,도매 및 소매업
1237,시너지이노베이션,의료용 기기 제조업,제조업
1238,신성델타테크,가정용 기기 제조업,제조업
1239,한국경제TV,텔레비전 방송업,서비스업
1240,다날,소프트웨어 개발 및 공급업,정보기술 및 통신업
1241,형지I&C,봉제의복 제조업,제조업
1242,비케이홀딩스,전자부품 제조업,제조업
1243,코엔텍,폐기물 처리업,운송 및 물류업
1244,YBM넷,교육지원 서비스업,서비스업
1245,CS,통신 및 방송 장비 제조업,정보기술 및 통신업
1246,아미노로직스,기타 전문 도매업,서비스업
1247,테라젠이텍스,의약품 제조업,식품 및 음료제조업
1248,디에이피,전자부품 제조업,제조업
1249,한양디지텍,반도체 제조업,제조업
1250,동국알앤에스,기타 비금속 광물제품 제조업,제조업
1251,라이트론,통신 및 방송 장비 제조업,정보기술 및 통신업
1252,듀오백,가구 제조업,제조업
1253,삼진엘앤디,그외 기타 제품 제조업,제조업
1254,에스텍파마,의약품 제조업,식품 및 음료제조업
1255,세진티에스,전자부품 제조업,제조업
1256,한솔인티큐브,"컴퓨터 프로그래밍, 시스템 통합 및 관리업",정보기술 및 통신업
1257,리튬포어스,그외 기타 제품 제조업,제조업
1258,테라사이언스,기타 금속 가공제품 제조업,제조업
1259,우주일렉트로,전자부품 제조업,제조업
1260,피에이치씨,"섬유, 의복, 신발 및 가죽제품 소매업",도매 및 소매업
1261,드림어스컴퍼니,"자료처리, 호스팅, 포털 및 기타 인터넷 정보매개 서비스업",정보기술 및 통신업
1262,버킷스튜디오,전기 통신업,정보기술 및 통신업
1263,아프리카TV,소프트웨어 개발 및 공급업,정보기술 및 통신업
1264,원익QnC,유리 및 유리제품 제조업,제조업
1265,로체시스템즈,특수 목적용 기계 제조업,제조업
1266,에스텍,영상 및 음향기기 제조업,제조업
1267,오텍,자동차 재제조 부품 제조업,제조업
1268,키이스트,"영화, 비디오물, 방송프로그램 제작 및 배급업",서비스업
1269,현대에버다임,특수 목적용 기계 제조업,제조업
1270,중앙백신,기초 의약물질 및 생물학적 제제 제조업,제조업
1271,휴비츠,의료용 기기 제조업,제조업
1272,우리산업홀딩스,자동차 신품 부품 제조업,제조업
1273,디지털대성,일반 교습 학원,서비스업
1274,유아이디,전자부품 제조업,제조업
1275,티씨케이,기타 비금속 광물제품 제조업,제조업
1276,아모텍,전자부품 제조업,제조업
1277,웰크론,직물직조 및 직물제품 제조업,제조업
1278,파워로직스,"전동기, 발전기 및 전기 변환 · 공급 · 제어 장치 제조업",정보기술 및 통신업
1279,이라이콤,상품 중개업,서비스업
1280,녹원씨엔아이,인쇄 및 인쇄관련 산업,서비스업
1281,홈캐스트,영상 및 음향기기 제조업,제조업
1282,씨씨에스,텔레비전 방송업,서비스업
1283,웹젠,소프트웨어 개발 및 공급업,정보기술 및 통신업
1284,대화제약,의약품 제조업,식품 및 음료제조업
1285,우수AMS,자동차 신품 부품 제조업,제조업
1286,JW신약,의약품 제조업,식품 및 음료제조업
1287,하츠,가정용 기기 제조업,제조업
1288,빅텍,"측정, 시험, 항해, 제어 및 기타 정밀기기 제조업; 광학기기 제외",제조업
1289,탑엔지니어링,특수 목적용 기계 제조업,제조업
1290,이루온,소프트웨어 개발 및 공급업,정보기술 및 통신업
1291,재영솔루텍,사진장비 및 광학기기 제조업,제조업
1292,한국큐빅,플라스틱제품 제조업,제조업
1293,인터플렉스,전자부품 제조업,제조업
1294,메디프론,기계장비 및 관련 물품 도매업,도매 및 소매업
1295,삼영이엔씨,통신 및 방송 장비 제조업,정보기술 및 통신업
1296,한성크린텍,"건축기술, 엔지니어링 및 관련 기술 서비스업",건설 및 공사업
1297,리더스코스메틱,기타 화학제품 제조업,제조업
1298,케이피엠테크,기타 화학제품 제조업,제조업
1299,디스플레이텍,전자부품 제조업,제조업
1300,와이오엠,기타 전문 도매업,서비스업
1301,초록뱀미디어,"영화, 비디오물, 방송프로그램 제작 및 배급업",서비스업
1302,웨스트라이즈,상품 종합 도매업,도매 및 소매업
1303,쎌바이오텍,기초 의약물질 및 생물학적 제제 제조업,제조업
1304,NE능률,"서적, 잡지 및 기타 인쇄물 출판업",서비스업
1305,테크엘,반도체 제조업,제조업
1306,KG이니시스,소프트웨어 개발 및 공급업,정보기술 및 통신업
1307,비엘팜텍,음·식료품 및 담배 도매업,도매 및 소매업
1308,파라다이스,유원지 및 기타 오락관련 서비스업,서비스업
1309,플래스크,실내건축 및 건축마무리 공사업,건설 및 공사업
1310,새로닉스,전자부품 제조업,제조업
1311,오리엔트정공,자동차 신품 부품 제조업,제조업
1312,DGP,전기업,정보기술 및 통신업
1313,국보디자인,실내건축 및 건축마무리 공사업,건설 및 공사업
1314,아이톡시,기타 전문 도매업,서비스업
1315,에스아이리소스,기타 화학제품 제조업,제조업
1316,젬백스링크,"섬유, 의복, 신발 및 가죽제품 소매업",도매 및 소매업
1317,폴라리스AI,"컴퓨터 프로그래밍, 시스템 통합 및 관리업",정보기술 및 통신업
1318,현대바이오,기타 화학제품 제조업,제조업
1319,에스피지,"전동기, 발전기 및 전기 변환 · 공급 · 제어 장치 제조업",정보기술 및 통신업
1320,토탈소프트,소프트웨어 개발 및 공급업,정보기술 및 통신업
1321,서호전기,"전동기, 발전기 및 전기 변환 · 공급 · 제어 장치 제조업",정보기술 및 통신업
1322,파커스,반도체 제조업,제조업
1323,서울리거,기타 전문 도매업,서비스업
1324,홈센타홀딩스,기타 전문 도매업,서비스업
1325,아비코전자,전자부품 제조업,제조업
1326,큐렉소,기타 상품 전문 소매업,도매 및 소매업
1327,소니드,기타 화학제품 제조업,제조업
1328,우원개발,기반조성 및 시설물 축조관련 전문공사업,건설 및 공사업
1329,티사이언티픽,소프트웨어 개발 및 공급업,정보기술 및 통신업
1330,인선이엔티,폐기물 처리업,운송 및 물류업
1331,와이어블,전기 통신업,정보기술 및 통신업
1332,SM Life Design,기록매체 복제업,서비스업
1333,지어소프트,소프트웨어 개발 및 공급업,정보기술 및 통신업
1334,지엔코,봉제의복 제조업,제조업
1335,셀루메드,기초 의약물질 및 생물학적 제제 제조업,제조업
1336,KH바텍,전자부품 제조업,제조업
1337,알에프텍,통신 및 방송 장비 제조업,정보기술 및 통신업
1338,에스폴리텍,플라스틱제품 제조업,제조업
1339,이랜텍,전자부품 제조업,제조업
1340,ES큐브,생활용품 도매업,도매 및 소매업
1341,케이피티유,기타 금속 가공제품 제조업,제조업
1342,3S,전자부품 제조업,제조업
1343,화일약품,의약품 제조업,식품 및 음료제조업
1344,오상자이엘,소프트웨어 개발 및 공급업,정보기술 및 통신업
1345,농우바이오,작물 재배업,제조업
1346,케이엘넷,전기 통신업,정보기술 및 통신업
1347,에스티아이,특수 목적용 기계 제조업,제조업
1348,잉크테크,기타 화학제품 제조업,제조업
1349,대한뉴팜,의약품 제조업,식품 및 음료제조업
1350,씨티씨바이오,의약품 제조업,식품 및 음료제조업
1351,인탑스,통신 및 방송 장비 제조업,정보기술 및 통신업
1352,LS마린솔루션,전기 및 통신 공사업,건설 및 공사업
1353,피씨디렉트,기계장비 및 관련 물품 도매업,도매 및 소매업
1354,구영테크,자동차 신품 부품 제조업,제조업
1355,한국기업평가,기타 사업지원 서비스업,서비스업
1356,뉴보텍,플라스틱제품 제조업,제조업
1357,동양에스텍,1차 철강 제조업,제조업
1358,백금T&A,통신 및 방송 장비 제조업,정보기술 및 통신업
1359,파나케이아,특수 목적용 기계 제조업,제조업
1360,고려신용정보,기타 사업지원 서비스업,서비스업
1361,제일바이오,의약품 제조업,식품 및 음료제조업
1362,서울반도체,반도체 제조업,제조업
1363,아가방컴퍼니,생활용품 도매업,도매 및 소매업
1364,엔터파트너즈,플라스틱제품 제조업,제조업
1365,미코,반도체 제조업,제조업
1366,유신,"건축기술, 엔지니어링 및 관련 기술 서비스업",건설 및 공사업
1367,프럼파스트,플라스틱제품 제조업,제조업
1368,한국컴퓨터,전자부품 제조업,제조업
1369,대동스틸,1차 철강 제조업,제조업
1370,링네트,"컴퓨터 프로그래밍, 시스템 통합 및 관리업",정보기술 및 통신업
1371,큐로컴,"컴퓨터 프로그래밍, 시스템 통합 및 관리업",정보기술 및 통신업
1372,팬스타엔터프라이즈,일반 목적용 기계 제조업,제조업
1373,한빛소프트,소프트웨어 개발 및 공급업,정보기술 및 통신업
1374,NHN KCP,기타 정보 서비스업,서비스업
1375,CNT85,건물설비 설치 공사업,건설 및 공사업
1376,금강철강,1차 철강 제조업,제조업
1377,룽투코리아,소프트웨어 개발 및 공급업,정보기술 및 통신업
1378,동아화성,고무제품 제조업,제조업
1379,비츠로시스,"전동기, 발전기 및 전기 변환 · 공급 · 제어 장치 제조업",정보기술 및 통신업
1380,오리엔탈정공,일반 목적용 기계 제조업,제조업
1381,웰킵스하이텍,반도체 제조업,제조업
1382,리노공업,전자부품 제조업,제조업
1383,성우테크론,전자부품 제조업,제조업
1384,에스에프에이,특수 목적용 기계 제조업,제조업
1385,신화인터텍,플라스틱제품 제조업,제조업
1386,엑사이엔씨,실내건축 및 건축마무리 공사업,건설 및 공사업
1387,피에이치에이,자동차 신품 부품 제조업,제조업
1388,APS,기타 금융업,서비스업
1389,코위버,통신 및 방송 장비 제조업,정보기술 및 통신업
1390,성호전자,전자부품 제조업,제조업
1391,MIT,전자부품 제조업,제조업
1392,YW,상품 종합 도매업,도매 및 소매업
1393,삼영엠텍,"구조용 금속제품, 탱크 및 증기발생기 제조업",제조업
1394,이니텍,소프트웨어 개발 및 공급업,정보기술 및 통신업
1395,에이디칩스,그외 기타 제품 제조업,제조업
1396,유진로봇,특수 목적용 기계 제조업,제조업
1397,태웅,기타 금속 가공제품 제조업,제조업
1398,경남제약,의약품 제조업,식품 및 음료제조업
1399,삼보모터스,자동차 신품 부품 제조업,제조업
1400,한컴위드,소프트웨어 개발 및 공급업,정보기술 및 통신업
1401,코미팜,의약품 제조업,식품 및 음료제조업
1402,프리엠스,"전동기, 발전기 및 전기 변환 · 공급 · 제어 장치 제조업",정보기술 및 통신업
1403,코나아이,소프트웨어 개발 및 공급업,정보기술 및 통신업
1404,메디콕스,선박 및 보트 건조업,제조업
1405,SGA,소프트웨어 개발 및 공급업,정보기술 및 통신업
1406,엑서지21,기타 전문 도매업,서비스업
1407,지에스이,연료용 가스 제조 및 배관공급업,제조업
1408,아이디스홀딩스,기타 전문 서비스업,서비스업
1409,코데즈컴바인,봉제의복 제조업,제조업
1410,안랩,소프트웨어 개발 및 공급업,정보기술 및 통신업
1411,YTN,"영화, 비디오물, 방송프로그램 제작 및 배급업",서비스업
1412,CMG제약,의약품 제조업,식품 및 음료제조업
1413,JYP Ent.,오디오물 출판 및 원판 녹음업,도매 및 소매업
1414,한국테크놀로지,가전제품 및 정보통신장비 소매업,도매 및 소매업
1415,KCC건설,건물 건설업,건설 및 공사업
1416,세동,자동차 신품 부품 제조업,제조업
1417,프로텍,특수 목적용 기계 제조업,제조업
1418,액토즈소프트,소프트웨어 개발 및 공급업,정보기술 및 통신업
1419,세코닉스,사진장비 및 광학기기 제조업,제조업
1420,바이넥스,의약품 제조업,식품 및 음료제조업
1421,오성첨단소재,플라스틱제품 제조업,제조업
1422,태양,기타 금속 가공제품 제조업,제조업
1423,씨티프라퍼티,상품 종합 도매업,도매 및 소매업
1424,유아이엘,전자부품 제조업,제조업
1425,대원미디어,기타 전문 도매업,서비스업
1426,중앙첨단소재,플라스틱제품 제조업,제조업
1427,CJ프레시웨이,음·식료품 및 담배 도매업,도매 및 소매업
1428,파인디앤씨,전자부품 제조업,제조업
1429,디지아이,컴퓨터 및 주변장치 제조업,제조업
1430,코텍,영상 및 음향기기 제조업,제조업
1431,한네트,전기 통신업,정보기술 및 통신업
1432,에스티큐브,기계장비 및 관련 물품 도매업,도매 및 소매업
1433,티에스넥스젠,특수 목적용 기계 제조업,제조업
1434,스카이문스테크놀로지,소프트웨어 개발 및 공급업,정보기술 및 통신업
1435,큐로홀딩스,음·식료품 및 담배 소매업,도매 및 소매업
1436,나라엠앤디,특수 목적용 기계 제조업,제조업
1437,에코바이오,사업시설 유지·관리 서비스업,서비스업
1438,에이텍,컴퓨터 및 주변장치 제조업,제조업
1439,대아티아이,기타 전기장비 제조업,정보기술 및 통신업
1440,캠시스,전자부품 제조업,제조업
1441,현대바이오랜드,기타 화학제품 제조업,제조업
1442,SFA반도체,반도체 제조업,제조업
1443,삼표시멘트,기타 비금속 광물제품 제조업,제조업
1444,HLB이노베이션,전자부품 제조업,제조업
1445,SM C&C,광고업,서비스업
1446,승일,기타 금속 가공제품 제조업,제조업
1447,조광ILI,일반 목적용 기계 제조업,제조업
1448,TPC,일반 목적용 기계 제조업,제조업
1449,코메론,"측정, 시험, 항해, 제어 및 기타 정밀기기 제조업; 광학기기 제외",제조업
1450,블레이드 Ent,고무제품 제조업,제조업
1451,삼화네트웍스,"영화, 비디오물, 방송프로그램 제작 및 배급업",서비스업
1452,성광벤드,1차 철강 제조업,제조업
1453,유라테크,"전동기, 발전기 및 전기 변환 · 공급 · 제어 장치 제조업",정보기술 및 통신업
1454,삼현철강,1차 철강 제조업,제조업
1455,오픈베이스,"컴퓨터 프로그래밍, 시스템 통합 및 관리업",정보기술 및 통신업
1456,KCI,기타 화학제품 제조업,제조업
1457,라온시큐어,소프트웨어 개발 및 공급업,정보기술 및 통신업
1458,오로라,전문디자인업,서비스업
1459,금화피에스시,전기 및 통신 공사업,건설 및 공사업
1460,코다코,자동차 신품 부품 제조업,제조업
1461,인바디,의료용 기기 제조업,제조업
1462,고려제약,의약품 제조업,식품 및 음료제조업
1463,크린앤사이언스,일반 목적용 기계 제조업,제조업
1464,KD,건물 건설업,건설 및 공사업
1465,이글벳,기타 전문 도매업,서비스업
1466,아즈텍WB,"섬유제품 염색, 정리 및 마무리 가공업",제조업
1467,오리콤,광고업,서비스업
1468,위닉스,가정용 기기 제조업,제조업
1469,상지카일룸,건물 건설업,건설 및 공사업
1470,엔피케이,합성고무 및 플라스틱 물질 제조업,제조업
1471,삼천당제약,의약품 제조업,식품 및 음료제조업
1472,에이치케이,특수 목적용 기계 제조업,제조업
1473,정원엔시스,기계장비 및 관련 물품 도매업,도매 및 소매업
1474,한양이엔지,"건축기술, 엔지니어링 및 관련 기술 서비스업",건설 및 공사업
1475,누리플렉스,소프트웨어 개발 및 공급업,정보기술 및 통신업
1476,에쎈테크,일반 목적용 기계 제조업,제조업
1477,국순당,알코올음료 제조업,식품 및 음료제조업
1478,엘컴텍,전자부품 제조업,제조업
1479,이오테크닉스,특수 목적용 기계 제조업,제조업
1480,상상인,"컴퓨터 프로그래밍, 시스템 통합 및 관리업",정보기술 및 통신업
1481,서울제약,의약품 제조업,식품 및 음료제조업
1482,HLB파나진,의료용품 및 기타 의약 관련제품 제조업,식품 및 음료제조업
1483,나노엔텍,의료용 기기 제조업,제조업
1484,오공,기타 화학제품 제조업,제조업
1485,솔고바이오,의료용 기기 제조업,제조업
1486,비츠로테크,기타 금융업,서비스업
1487,코아시아,반도체 제조업,제조업
1488,정상제이엘에스,일반 교습 학원,서비스업
1489,진양제약,의약품 제조업,식품 및 음료제조업
1490,지니뮤직,"자료처리, 호스팅, 포털 및 기타 인터넷 정보매개 서비스업",정보기술 및 통신업
1491,진성티이씨,특수 목적용 기계 제조업,제조업
1492,현대에이치티,통신 및 방송 장비 제조업,정보기술 및 통신업
1493,삼아제약,의약품 제조업,식품 및 음료제조업
1494,파루,"전동기, 발전기 및 전기 변환 · 공급 · 제어 장치 제조업",정보기술 및 통신업
1495,에스씨디,가정용 기기 제조업,제조업
1496,한국정보공학,기타 전문 도매업,서비스업
1497,디오,의료용 기기 제조업,제조업
1498,네오위즈홀딩스,소프트웨어 개발 및 공급업,정보기술 및 통신업
1499,다산네트웍스,통신 및 방송 장비 제조업,정보기술 및 통신업
1500,바이오스마트,전자부품 제조업,제조업
1501,우리기술,"전동기, 발전기 및 전기 변환 · 공급 · 제어 장치 제조업",정보기술 및 통신업
1502,안국약품,의약품 제조업,식품 및 음료제조업
1503,세중,소프트웨어 개발 및 공급업,정보기술 및 통신업
1504,우리기술투자,기타 금융업,서비스업
1505,케이바이오,생활용품 도매업,도매 및 소매업
1506,HRS,합성고무 및 플라스틱 물질 제조업,제조업
1507,에스에이엠티,기계장비 및 관련 물품 도매업,도매 및 소매업
1508,위즈코프,연료 소매업,도매 및 소매업
1509,이건홀딩스,제재 및 목재 가공업,제조업
1510,파인디지털,통신 및 방송 장비 제조업,정보기술 및 통신업
1511,나이스정보통신,전기 통신업,정보기술 및 통신업
1512,SG&G,기타 운송관련 서비스업,운송 및 물류업
1513,아이에이,전자부품 제조업,제조업
1514,에스넷,"컴퓨터 프로그래밍, 시스템 통합 및 관리업",정보기술 및 통신업
1515,에스엠,오디오물 출판 및 원판 녹음업,도매 및 소매업
1516,쌍용정보통신,"컴퓨터 프로그래밍, 시스템 통합 및 관리업",정보기술 및 통신업
1517,쎄니트,1차 철강 제조업,제조업
1518,대성미생물,의약품 제조업,식품 및 음료제조업
1519,에코플라스틱,자동차 신품 부품 제조업,제조업
1520,케이엠더블유,통신 및 방송 장비 제조업,정보기술 및 통신업
1521,화성밸브,일반 목적용 기계 제조업,제조업
1522,경남스틸,1차 철강 제조업,제조업
1523,마크로젠,"그외 기타 전문, 과학 및 기술 서비스업",서비스업
1524,희림,"건축기술, 엔지니어링 및 관련 기술 서비스업",건설 및 공사업
1525,레드캡투어,여행사 및 기타 여행보조 서비스업,서비스업
1526,솔브레인홀딩스,회사 본부 및 경영 컨설팅 서비스업,서비스업
1527,에프에스티,전자부품 제조업,제조업
1528,코맥스,통신 및 방송 장비 제조업,정보기술 및 통신업
1529,EG,기초 화학물질 제조업,제조업
1530,감성코퍼레이션,기타 전문 도매업,서비스업
1531,성도이엔지,"건축기술, 엔지니어링 및 관련 기술 서비스업",건설 및 공사업
1532,제일테크노스,"구조용 금속제품, 탱크 및 증기발생기 제조업",제조업
1533,무림SP,"펄프, 종이 및 판지 제조업",제조업
1534,세종텔레콤,전기 통신업,정보기술 및 통신업
1535,심텍홀딩스,통신 및 방송 장비 제조업,정보기술 및 통신업
1536,파세코,가정용 기기 제조업,제조업
1537,SGC이테크건설,건물 건설업,건설 및 공사업
1538,영풍정밀,일반 목적용 기계 제조업,제조업
1539,서희건설,건물 건설업,건설 및 공사업
1540,주성엔지니어링,특수 목적용 기계 제조업,제조업
1541,케이티알파,상품 중개업,서비스업
1542,다우데이타,기계장비 및 관련 물품 도매업,도매 및 소매업
1543,동진쎄미켐,기초 화학물질 제조업,제조업
1544,선광,기타 운송관련 서비스업,운송 및 물류업
1545,제이에스티나,귀금속 및 장신용품 제조업,제조업
1546,지더블유바이텍,기계장비 및 관련 물품 도매업,도매 및 소매업
1547,클라우드에어,반도체 제조업,제조업
1548,한국팩키지,"골판지, 종이 상자 및 종이용기 제조업",제조업
1549,삼지전자,통신 및 방송 장비 제조업,정보기술 및 통신업
1550,우리엔터프라이즈,상품 종합 도매업,도매 및 소매업
1551,네패스,반도체 제조업,제조업
1552,인지디스플레,전자부품 제조업,제조업
1553,위지트,특수 목적용 기계 제조업,제조업
1554,유니셈,특수 목적용 기계 제조업,제조업
1555,유성티엔에스,육상 여객 운송업,운송 및 물류업
1556,코리아나,기타 화학제품 제조업,제조업
1557,SCI평가정보,기타 정보 서비스업,서비스업
1558,골드앤에스,"서적, 잡지 및 기타 인쇄물 출판업",서비스업
1559,서울전자통신,"전동기, 발전기 및 전기 변환 · 공급 · 제어 장치 제조업",정보기술 및 통신업
1560,대성창투,신탁업 및 집합투자업,서비스업
1561,예림당,"서적, 잡지 및 기타 인쇄물 출판업",서비스업
1562,CJ ENM,텔레비전 방송업,서비스업
1563,이지홀딩스,동물용 사료 및 조제식품 제조업,제조업
1564,기산텔레콤,통신 및 방송 장비 제조업,정보기술 및 통신업
1565,바른손이앤에이,"영화, 비디오물, 방송프로그램 제작 및 배급업",서비스업
1566,솔본,회사 본부 및 경영 컨설팅 서비스업,서비스업
1567,시공테크,전문디자인업,서비스업
1568,신일제약,의약품 제조업,식품 및 음료제조업
1569,조아제약,의약품 제조업,식품 및 음료제조업
1570,인성정보,"컴퓨터 프로그래밍, 시스템 통합 및 관리업",정보기술 및 통신업
1571,그래디언트,무점포 소매업,도매 및 소매업
1572,동국산업,1차 철강 제조업,제조업
1573,매일홀딩스,낙농제품 및 식용빙과류 제조업,식품 및 음료제조업
1574,해성산업,기타 금융업,서비스업
1575,한국정보통신,전기 통신업,정보기술 및 통신업
1576,파라텍,특수 목적용 기계 제조업,제조업
1577,동성화인텍,기초 화학물질 제조업,제조업
1578,드래곤플라이,소프트웨어 개발 및 공급업,정보기술 및 통신업
1579,엠케이전자,전자부품 제조업,제조업
1580,엠투엔,기타 금속 가공제품 제조업,제조업
1581,제이씨현시스템,기계장비 및 관련 물품 도매업,도매 및 소매업
1582,포스코엠텍,1차 철강 제조업,제조업
1583,스페코,특수 목적용 기계 제조업,제조업
1584,좋은사람들,봉제의복 제조업,제조업
1585,모아텍,전자부품 제조업,제조업
1586,코웰패션,"섬유, 의복, 신발 및 가죽제품 소매업",도매 및 소매업
1587,코콤,통신 및 방송 장비 제조업,정보기술 및 통신업
1588,제룡전기,"전동기, 발전기 및 전기 변환 · 공급 · 제어 장치 제조업",정보기술 및 통신업
1589,제이엠아이,기록매체 복제업,서비스업
1590,디지틀조선,"자료처리, 호스팅, 포털 및 기타 인터넷 정보매개 서비스업",정보기술 및 통신업
1591,바이온,음·식료품 및 담배 도매업,도매 및 소매업
1592,와이지-원,기타 금속 가공제품 제조업,제조업
1593,특수건설,토목 건설업,건설 및 공사업
1594,아이즈비전,전기 통신업,정보기술 및 통신업
1595,동일기연,전자부품 제조업,제조업
1596,소프트센,기타 정보 서비스업,서비스업
1597,원익,기계장비 및 관련 물품 도매업,도매 및 소매업
1598,원풍물산,봉제의복 제조업,제조업
1599,삼진,통신 및 방송 장비 제조업,정보기술 및 통신업
1600,더라미,"해체, 선별 및 원료 재생업",운송 및 물류업
1601,비트컴퓨터,소프트웨어 개발 및 공급업,정보기술 및 통신업
1602,엠젠솔루션,기계장비 및 관련 물품 도매업,도매 및 소매업
1603,판타지오,창작 및 예술관련 서비스업,서비스업
1604,유비케어,소프트웨어 개발 및 공급업,정보기술 및 통신업
1605,피델릭스,반도체 제조업,제조업
1606,TJ미디어,영상 및 음향기기 제조업,제조업
1607,휴맥스홀딩스,"컴퓨터 프로그래밍, 시스템 통합 및 관리업",정보기술 및 통신업
1608,삼일,도로 화물 운송업,운송 및 물류업
1609,뉴인텍,자동차 신품 부품 제조업,제조업
1610,오스템,자동차 신품 부품 제조업,제조업
1611,에스유홀딩스,상품 종합 도매업,도매 및 소매업
1612,피에스케이홀딩스,특수 목적용 기계 제조업,제조업
1613,세보엠이씨,건물설비 설치 공사업,건설 및 공사업
1614,한일단조,자동차 신품 부품 제조업,제조업
1615,양지사,인쇄 및 인쇄관련 산업,서비스업
1616,원익홀딩스,특수 목적용 기계 제조업,제조업
1617,한글과컴퓨터,소프트웨어 개발 및 공급업,정보기술 및 통신업
1618,메이슨캐피탈,기타 금융업,서비스업
1619,광무,통신 및 방송 장비 제조업,정보기술 및 통신업
1620,대호특수강,1차 철강 제조업,제조업
1621,HLB,의료용품 및 기타 의약 관련제품 제조업,식품 및 음료제조업
1622,팜스토리,동물용 사료 및 조제식품 제조업,제조업
1623,삼보판지,"펄프, 종이 및 판지 제조업",제조업
1624,삼목에스폼,"구조용 금속제품, 탱크 및 증기발생기 제조업",제조업
1625,에이스침대,가구 제조업,제조업
1626,원익큐브,기타 전문 도매업,서비스업
1627,리드코프,기타 전문 도매업,서비스업
1628,유니슨,일반 목적용 기계 제조업,제조업
1629,아난티,일반 및 생활 숙박시설 운영업,서비스업
1630,광진실업,1차 철강 제조업,제조업
1631,인터엠,영상 및 음향기기 제조업,제조업
1632,성우하이텍,자동차 신품 부품 제조업,제조업
1633,대신정보통신,"컴퓨터 프로그래밍, 시스템 통합 및 관리업",정보기술 및 통신업
1634,서부T&D,일반 및 생활 숙박시설 운영업,서비스업
1635,동신건설,토목 건설업,건설 및 공사업
1636,동화기업,나무제품 제조업,제조업
1637,신라에스지,음·식료품 및 담배 도매업,도매 및 소매업
1638,케이씨피드,동물용 사료 및 조제식품 제조업,제조업
1639,한탑,"곡물가공품, 전분 및 전분제품 제조업",식품 및 음료제조업
1640,한국선재,1차 철강 제조업,제조업
1641,DH오토웨어,영상 및 음향기기 제조업,제조업
1642,시노펙스,전자부품 제조업,제조업
1643,PN풍년,생활용품 도매업,도매 및 소매업
1644,삼천리자전거,생활용품 도매업,도매 및 소매업
1645,메디앙스,기타 화학제품 제조업,제조업
1646,KBI메탈,1차 비철금속 제조업,제조업
1647,경창산업,자동차 신품 부품 제조업,제조업
1648,대륙제관,기타 금속 가공제품 제조업,제조업
1649,동원개발,건물 건설업,건설 및 공사업
1650,세원물산,자동차 신품 부품 제조업,제조업
1651,이화전기,"전동기, 발전기 및 전기 변환 · 공급 · 제어 장치 제조업",정보기술 및 통신업
1652,케이피에프,기타 금속 가공제품 제조업,제조업
1653,KB오토시스,자동차 신품 부품 제조업,제조업
1654,신원종합개발,건물 건설업,건설 및 공사업
1655,흥구석유,기타 전문 도매업,서비스업
1656,대한약품,의약품 제조업,식품 및 음료제조업
1657,이화공영,건물 건설업,건설 및 공사업
1658,풍국주정,알코올음료 제조업,식품 및 음료제조업
1659,대림제지,기타 종이 및 판지 제품 제조업,제조업
1660,대한광통신,절연선 및 케이블 제조업,제조업
1661,동일철강,1차 철강 제조업,제조업
1662,플레이위드,소프트웨어 개발 및 공급업,정보기술 및 통신업
1663,한국캐피탈,기타 금융업,서비스업
1664,한일사료,동물용 사료 및 조제식품 제조업,제조업
1665,모베이스전자,자동차 신품 부품 제조업,제조업
1666,CNH,기타 금융업,서비스업
1667,국영지앤엠,유리 및 유리제품 제조업,제조업
1668,유진기업,"시멘트, 석회, 플라스터 및 그 제품 제조업",건설 및 공사업
1669,제이스코홀딩스,1차 철강 제조업,제조업
1670,보성파워텍,"구조용 금속제품, 탱크 및 증기발생기 제조업",제조업
1671,브이티,기타 화학제품 제조업,제조업
1672,태광,1차 철강 제조업,제조업
1673,와이엠,기타 금속 가공제품 제조업,제조업
1674,신라섬유,가전제품 및 정보통신장비 소매업,도매 및 소매업
1675,원일특강,1차 철강 제조업,제조업
1676,서한,건물 건설업,건설 및 공사업
1677,바른손,생활용품 도매업,도매 및 소매업
1678,부방,부동산 임대 및 공급업,서비스업
1679,대명소노시즌,상품 종합 도매업,도매 및 소매업
1680,CBI,자동차 신품 부품 제조업,제조업
1681,대양제지,"펄프, 종이 및 판지 제조업",제조업
1682,유니크,자동차 신품 부품 제조업,제조업
1683,진로발효,알코올음료 제조업,식품 및 음료제조업
1684,삼보산업,1차 비철금속 제조업,제조업
1685,푸드웰,"과실, 채소 가공 및 저장 처리업",식품 및 음료제조업
1686,푸른저축은행,은행 및 저축기관,서비스업
1687,피제이전자,의료용 기기 제조업,제조업
1688,베뉴지,종합 소매업,도매 및 소매업
1689,엠에스씨,기타 식품 제조업,식품 및 음료제조업
1690,대동금속,금속 주조업,제조업
1691,광림,자동차용 엔진 및 자동차 제조업,제조업
1692,대원산업,자동차 신품 부품 제조업,제조업
1693,큐캐피탈,기타 금융업,서비스업
1694,한국가구,생활용품 도매업,도매 및 소매업
1695,디모아,기타 전문 도매업,서비스업
1696,중앙에너비스,기타 전문 도매업,서비스업
1697,삼륭물산,"골판지, 종이 상자 및 종이용기 제조업",제조업
1698,경동제약,의약품 제조업,식품 및 음료제조업
1699,원풍,플라스틱제품 제조업,제조업
1700,네이처셀,기초 의약물질 및 생물학적 제제 제조업,제조업
1701,삼일기업공사,건물 건설업,건설 및 공사업
1702,일지테크,자동차 신품 부품 제조업,제조업
1703,한일화학,기초 화학물질 제조업,제조업
1704,한국알콜,기타 화학제품 제조업,제조업
1705,대주산업,동물용 사료 및 조제식품 제조업,제조업
1706,글로본,상품 종합 도매업,도매 및 소매업
1707,세명전기,기타 금속 가공제품 제조업,제조업
1708,에이티넘인베스트,신탁업 및 집합투자업,서비스업
1709,대동기어,특수 목적용 기계 제조업,제조업
1710,피에스텍,"측정, 시험, 항해, 제어 및 기타 정밀기기 제조업; 광학기기 제외",제조업
1711,코센,1차 철강 제조업,제조업
1712,카스,기계장비 및 관련 물품 도매업,도매 및 소매업
1713,하이록코리아,1차 철강 제조업,제조업
1714,SBI인베스트먼트,신탁업 및 집합투자업,서비스업
1715,리더스 기술투자,신탁업 및 집합투자업,서비스업
1716,엠벤처투자,신탁업 및 집합투자업,서비스업
1717,모헨즈,"시멘트, 석회, 플라스터 및 그 제품 제조업",건설 및 공사업
